"Time","Press","Flow","OAI","CAI","HI","SI","FL","RERA","CSR","LVT","VT","MV","IE","RR","SPOP2","PR","End"
2025-2-14 18:3:13,40,82,0,0,0,0,0,0,0,0,0,0,0,15,0,0,254,
2025-2-14 18:4:13,40,81,0,0,0,0,0,0,0,0,0,0,0,15,0,0,254,
2025-2-14 18:5:13,40,82,0,0,0,0,0,0,0,0,0,0,0,15,0,0,254,
2025-2-14 18:6:13,40,82,0,0,0,0,0,0,0,0,0,0,0,15,0,0,254,
2025-2-14 18:7:13,40,81,0,0,0,0,0,0,0,0,0,0,0,15,0,0,254,
2025-2-14 18:8:13,40,82,0,0,0,0,0,0,0,0,0,0,0,15,0,0,254,
2025-2-14 18:9:13,40,81,0,0,0,0,0,0,0,0,0,0,0,15,0,0,254,
2025-2-14 18:10:13,40,81,0,0,0,0,0,0,0,0,0,0,0,15,0,0,254,
2025-2-14 18:11:13,40,81,0,0,0,0,0,0,0,0,0,0,0,15,0,0,254,
2025-2-14 18:12:13,40,81,0,0,0,0,0,0,0,0,0,0,0,15,0,0,254,
2025-2-14 18:13:13,40,80,0,0,0,0,0,0,0,0,0,0,0,15,0,0,254,
2025-2-14 18:14:13,40,81,0,0,0,0,0,0,0,0,0,0,0,15,0,0,254,
2025-2-14 18:15:13,40,80,0,0,0,0,0,0,0,0,0,0,0,15,0,0,254,
2025-2-14 18:16:13,40,82,0,0,0,0,0,0,0,0,0,0,0,15,0,0,254,
2025-2-14 18:17:13,40,79,0,0,0,0,0,0,0,0,0,0,0,15,0,0,254,
2025-2-14 18:18:13,40,82,0,0,0,0,0,0,0,0,0,0,0,15,0,0,254,
2025-2-14 18:19:13,40,80,0,0,0,0,0,0,0,0,0,0,0,15,0,0,254,
2025-2-14 18:20:13,40,81,0,0,0,0,0,0,0,0,0,0,0,15,0,0,254,
2025-2-14 18:21:13,40,79,0,0,0,0,0,0,0,0,0,0,0,15,0,0,254,
2025-2-14 18:22:13,40,82,0,0,0,0,0,0,0,0,0,0,0,15,0,0,254,
2025-2-14 18:23:13,40,79,0,0,0,0,0,0,0,0,0,0,0,15,0,0,254,
2025-2-14 18:24:13,40,81,0,0,0,0,0,0,0,0,0,0,0,15,0,0,254,
2025-2-14 18:25:13,40,80,0,0,0,0,0,0,0,0,0,0,0,15,0,0,254,
2025-2-14 18:26:13,40,81,0,0,0,0,0,0,0,0,0,0,0,15,0,0,254,
2025-2-14 18:27:13,40,80,0,0,0,0,0,0,0,0,0,0,0,15,0,0,254,
2025-2-14 18:28:13,40,82,0,0,0,0,0,0,0,0,0,0,0,15,0,0,254,
2025-2-14 18:29:13,40,80,0,0,0,0,0,0,0,0,0,0,0,15,0,0,254,
2025-2-14 18:30:13,40,82,0,0,0,0,0,0,0,0,0,0,0,15,0,0,254,
2025-2-14 18:31:13,40,80,0,0,0,0,0,0,0,0,0,0,0,15,0,0,254,
2025-2-14 18:32:13,40,81,0,0,0,0,0,0,0,0,0,0,0,15,0,0,254,
2025-2-14 18:33:13,40,79,0,0,0,0,0,0,0,0,0,0,0,15,0,0,254,
2025-2-14 18:34:13,40,81,0,0,0,0,0,0,0,0,0,0,0,15,0,0,254,
2025-2-14 18:35:13,40,79,0,0,0,0,0,0,0,0,0,0,0,15,0,0,254,
2025-2-14 18:36:13,40,82,0,0,0,0,0,0,0,0,0,0,0,15,0,0,254,
2025-2-14 18:37:13,40,80,0,0,0,0,0,0,0,0,0,0,0,15,0,0,254,
2025-2-14 18:38:13,40,81,0,0,0,0,0,0,0,0,0,0,0,15,0,0,254,
2025-2-14 18:39:13,40,80,0,0,0,0,0,0,0,0,0,0,0,15,0,0,254,
2025-2-14 18:40:13,40,82,0,0,0,0,0,0,0,0,0,0,0,15,0,0,254,
2025-2-14 18:41:13,40,80,0,0,0,0,0,0,0,0,0,0,0,15,0,0,254,
2025-2-14 18:42:13,40,81,0,0,0,0,0,0,0,0,0,0,0,15,0,0,254,
2025-2-14 18:43:13,40,81,0,0,0,0,0,0,0,0,0,0,0,15,0,0,254,
2025-2-14 18:44:13,40,81,0,0,0,0,0,0,0,0,0,0,0,15,0,0,254,
2025-2-14 18:45:13,40,81,0,0,0,0,0,0,0,0,0,0,0,15,0,0,254,
2025-2-14 18:46:13,40,81,0,0,0,0,0,0,0,0,0,0,0,15,0,0,254,
2025-2-14 18:47:13,40,81,0,0,0,0,0,0,0,0,0,0,0,15,0,0,254,
2025-2-14 18:48:13,40,81,0,0,0,0,0,0,0,0,0,0,0,15,0,0,254,
2025-2-14 18:49:13,40,81,0,0,0,0,0,0,0,0,0,0,0,15,0,0,254,
2025-2-14 18:50:13,40,81,0,0,0,0,0,0,0,0,0,0,0,15,0,0,254,
2025-2-14 18:51:13,40,81,0,0,0,0,0,0,0,0,0,0,0,15,0,0,254,
2025-2-14 18:52:13,40,82,0,0,0,0,0,0,0,0,0,0,0,15,0,0,254,
2025-2-14 18:53:13,40,81,0,0,0,0,0,0,0,0,0,0,0,15,0,0,254,
2025-2-14 18:54:13,40,82,0,0,0,0,0,0,0,0,0,0,0,15,0,0,254,
2025-2-14 18:55:13,40,81,0,0,0,0,0,0,0,0,0,0,0,15,0,0,254,
2025-2-14 18:56:13,40,81,0,0,0,0,0,0,0,0,0,0,0,15,0,0,254,
2025-2-14 18:57:13,40,82,0,0,0,0,0,0,0,0,0,0,0,15,0,0,254,
2025-2-14 18:58:13,40,81,0,0,0,0,0,0,0,0,0,0,0,15,0,0,254,
2025-2-14 18:59:13,40,81,0,0,0,0,0,0,0,0,0,0,0,15,0,0,254,
2025-2-14 19:0:13,40,82,0,0,0,0,0,0,0,0,0,0,0,15,0,0,254,
2025-2-14 19:1:13,40,81,0,0,0,0,0,0,0,0,0,0,0,15,0,0,254,
2025-2-14 19:2:13,40,81,0,0,0,0,0,0,0,0,0,0,0,15,0,0,254,
2025-2-14 19:3:13,40,81,0,0,0,0,0,0,0,0,0,0,0,15,0,0,254,
2025-2-14 19:4:13,40,82,0,0,0,0,0,0,0,0,0,0,0,15,0,0,254,
2025-2-14 19:5:13,40,82,0,0,0,0,0,0,0,0,0,0,0,15,0,0,254,
2025-2-14 19:6:13,40,81,0,0,0,0,0,0,0,0,0,0,0,15,0,0,254,
2025-2-14 19:7:13,40,81,0,0,0,0,0,0,0,0,0,0,0,15,0,0,254,
2025-2-14 19:8:13,40,81,0,0,0,0,0,0,0,0,0,0,0,15,0,0,254,
2025-2-14 19:9:13,40,81,0,0,0,0,0,0,0,0,0,0,0,15,0,0,254,
2025-2-14 19:10:13,40,81,0,0,0,0,0,0,0,0,0,0,0,15,0,0,254,
2025-2-14 19:11:13,40,81,0,0,0,0,0,0,0,0,0,0,0,15,0,0,254,
2025-2-14 19:12:13,40,81,0,0,0,0,0,0,0,0,0,0,0,15,0,0,254,
2025-2-14 19:13:13,40,81,0,0,0,0,0,0,0,0,0,0,0,15,0,0,254,
2025-2-14 19:14:13,40,81,0,0,0,0,0,0,0,0,0,0,0,15,0,0,254,
2025-2-14 19:15:13,40,81,0,0,0,0,0,0,0,0,0,0,0,15,0,0,254,
2025-2-14 19:16:13,40,81,0,0,0,0,0,0,0,0,0,0,0,15,0,0,254,
2025-2-14 19:17:13,40,82,0,0,0,0,0,0,0,0,0,0,0,15,0,0,254,
2025-2-14 19:18:13,40,81,0,0,0,0,0,0,0,0,0,0,0,15,0,0,254,
2025-2-14 19:19:13,40,81,0,0,0,0,0,0,0,0,0,0,0,15,0,0,254,
2025-2-14 19:20:13,40,81,0,0,0,0,0,0,0,0,0,0,0,15,0,0,254,
2025-2-14 19:21:13,40,81,0,0,0,0,0,0,0,0,0,0,0,15,0,0,254,
2025-2-14 19:22:13,40,81,0,0,0,0,0,0,0,0,0,0,0,15,0,0,254,
2025-2-14 19:23:13,40,81,0,0,0,0,0,0,0,0,0,0,0,15,0,0,254,
2025-2-14 19:24:13,40,81,0,0,0,0,0,0,0,0,0,0,0,15,0,0,254,
2025-2-14 19:25:13,40,81,0,0,0,0,0,0,0,0,0,0,0,15,0,0,254,
2025-2-14 19:26:13,40,81,0,0,0,0,0,0,0,0,0,0,0,15,0,0,254,
2025-2-14 19:27:13,40,82,0,0,0,0,0,0,0,0,0,0,0,15,0,0,254,
2025-2-14 19:28:13,40,81,0,0,0,0,0,0,0,0,0,0,0,15,0,0,254,
2025-2-14 19:29:13,40,81,0,0,0,0,0,0,0,0,0,0,0,15,0,0,254,
2025-2-14 19:30:13,40,81,0,0,0,0,0,0,0,0,0,0,0,15,0,0,254,
2025-2-14 19:31:13,40,81,0,0,0,0,0,0,0,0,0,0,0,15,0,0,254,
2025-2-14 19:32:13,40,82,0,0,0,0,0,0,0,0,0,0,0,15,0,0,254,
2025-2-14 19:33:13,40,81,0,0,0,0,0,0,0,0,0,0,0,15,0,0,254,
2025-2-14 19:34:13,40,82,0,0,0,0,0,0,0,0,0,0,0,15,0,0,254,
2025-2-14 19:35:13,40,81,0,0,0,0,0,0,0,0,0,0,0,15,0,0,254,
2025-2-14 19:36:13,40,82,0,0,0,0,0,0,0,0,0,0,0,15,0,0,254,
2025-2-14 19:37:13,40,81,0,0,0,0,0,0,0,0,0,0,0,15,0,0,254,
2025-2-14 19:38:13,40,81,0,0,0,0,0,0,0,0,0,0,0,15,0,0,254,
2025-2-14 19:39:13,40,81,0,0,0,0,0,0,0,0,0,0,0,15,0,0,254,
2025-2-14 19:40:13,40,81,0,0,0,0,0,0,0,0,0,0,0,15,0,0,254,
2025-2-14 19:41:13,40,81,0,0,0,0,0,0,0,0,0,0,0,15,0,0,254,
2025-2-14 19:42:13,40,82,0,0,0,0,0,0,0,0,0,0,0,15,0,0,254,
2025-2-14 19:43:13,40,82,0,0,0,0,0,0,0,0,0,0,0,15,0,0,254,
2025-2-14 19:44:13,40,82,0,0,0,0,0,0,0,0,0,0,0,15,0,0,254,
2025-2-14 19:45:13,40,81,0,0,0,0,0,0,0,0,0,0,0,15,0,0,254,
2025-2-14 19:46:13,40,82,0,0,0,0,0,0,0,0,0,0,0,15,0,0,254,
2025-2-14 19:47:13,40,81,0,0,0,0,0,0,0,0,0,0,0,15,0,0,254,
2025-2-14 19:48:13,40,81,0,0,0,0,0,0,0,0,0,0,0,15,0,0,254,
2025-2-14 19:49:13,40,81,0,0,0,0,0,0,0,0,0,0,0,15,0,0,254,
2025-2-14 19:50:13,40,81,0,0,0,0,0,0,0,0,0,0,0,15,0,0,254,
2025-2-14 19:51:13,40,81,0,0,0,0,0,0,0,0,0,0,0,15,0,0,254,
2025-2-14 19:52:13,40,82,0,0,0,0,0,0,0,0,0,0,0,15,0,0,254,
2025-2-14 19:53:13,40,81,0,0,0,0,0,0,0,0,0,0,0,15,0,0,254,
2025-2-14 19:54:13,40,81,0,0,0,0,0,0,0,0,0,0,0,15,0,0,254,
2025-2-14 19:55:13,40,82,0,0,0,0,0,0,0,0,0,0,0,15,0,0,254,
2025-2-14 19:56:13,40,81,0,0,0,0,0,0,0,0,0,0,0,15,0,0,254,
2025-2-14 19:57:13,40,82,0,0,0,0,0,0,0,0,0,0,0,15,0,0,254,
2025-2-14 19:58:13,40,82,0,0,0,0,0,0,0,0,0,0,0,15,0,0,254,
2025-2-14 19:59:13,40,81,0,0,0,0,0,0,0,0,0,0,0,15,0,0,254,
2025-2-14 20:0:13,40,81,0,0,0,0,0,0,0,0,0,0,0,15,0,0,254,
2025-2-14 20:1:13,40,81,0,0,0,0,0,0,0,0,0,0,0,15,0,0,254,
2025-2-14 20:2:13,40,81,0,0,0,0,0,0,0,0,0,0,0,15,0,0,254,
2025-2-14 20:3:13,40,79,0,0,0,0,0,0,0,0,0,0,0,15,0,0,254,
2025-2-14 20:4:13,40,81,0,0,0,0,0,0,0,0,0,0,0,15,0,0,254,
2025-2-14 20:5:13,40,79,0,0,0,0,0,0,0,0,0,0,0,15,0,0,254,
2025-2-14 20:6:13,40,81,0,0,0,0,0,0,0,0,0,0,0,15,0,0,254,
2025-2-14 20:7:13,40,79,0,0,0,0,0,0,0,0,0,0,0,15,0,0,254,
2025-2-14 20:8:13,40,81,0,0,0,0,0,0,0,0,0,0,0,15,0,0,254,
2025-2-14 20:9:13,40,79,0,0,0,0,0,0,0,0,0,0,0,15,0,0,254,
2025-2-14 20:10:13,40,81,0,0,0,0,0,0,0,0,0,0,0,15,0,0,254,
2025-2-14 20:11:13,40,79,0,0,0,0,0,0,0,0,0,0,0,15,0,0,254,
2025-2-14 20:12:13,40,81,0,0,0,0,0,0,0,0,0,0,0,15,0,0,254,
2025-2-14 20:13:13,40,79,0,0,0,0,0,0,0,0,0,0,0,15,0,0,254,
2025-2-14 20:14:13,40,82,0,0,0,0,0,0,0,0,0,0,0,15,0,0,254,
2025-2-14 20:15:13,40,79,0,0,0,0,0,0,0,0,0,0,0,15,0,0,254,
2025-2-14 20:16:13,40,81,0,0,0,0,0,0,0,0,0,0,0,15,0,0,254,
2025-2-14 20:17:13,40,79,0,0,0,0,0,0,0,0,0,0,0,15,0,0,254,
2025-2-14 20:18:13,40,81,0,0,0,0,0,0,0,0,0,0,0,15,0,0,254,
2025-2-14 20:19:13,40,79,0,0,0,0,0,0,0,0,0,0,0,15,0,0,254,
2025-2-14 20:20:13,40,82,0,0,0,0,0,0,0,0,0,0,0,15,0,0,254,
2025-2-14 20:21:13,40,79,0,0,0,0,0,0,0,0,0,0,0,15,0,0,254,
2025-2-14 20:22:13,40,81,0,0,0,0,0,0,0,0,0,0,0,15,0,0,254,
2025-2-14 20:23:13,40,79,0,0,0,0,0,0,0,0,0,0,0,15,0,0,254,
2025-2-14 20:24:13,40,81,0,0,0,0,0,0,0,0,0,0,0,15,0,0,254,
2025-2-14 20:25:13,40,79,0,0,0,0,0,0,0,0,0,0,0,15,0,0,254,
2025-2-14 20:26:13,40,81,0,0,0,0,0,0,0,0,0,0,0,15,0,0,254,
2025-2-14 20:27:13,40,79,0,0,0,0,0,0,0,0,0,0,0,15,0,0,254,
2025-2-14 20:28:13,40,81,0,0,0,0,0,0,0,0,0,0,0,15,0,0,254,
2025-2-14 20:29:13,40,79,0,0,0,0,0,0,0,0,0,0,0,15,0,0,254,
2025-2-14 20:30:13,40,81,0,0,0,0,0,0,0,0,0,0,0,15,0,0,254,
2025-2-14 20:31:13,40,79,0,0,0,0,0,0,0,0,0,0,0,15,0,0,254,
2025-2-14 20:32:13,40,81,0,0,0,0,0,0,0,0,0,0,0,15,0,0,254,
2025-2-14 20:33:13,40,81,0,0,0,0,0,0,0,0,0,0,0,15,0,0,254,
2025-2-14 20:34:13,40,81,0,0,0,0,0,0,0,0,0,0,0,15,0,0,254,
2025-2-14 20:35:13,40,81,0,0,0,0,0,0,0,0,0,0,0,15,0,0,254,
2025-2-14 20:36:13,40,81,0,0,0,0,0,0,0,0,0,0,0,15,0,0,254,
2025-2-14 20:37:13,40,81,0,0,0,0,0,0,0,0,0,0,0,15,0,0,254,
2025-2-14 20:38:13,40,81,0,0,0,0,0,0,0,0,0,0,0,15,0,0,254,
2025-2-14 20:39:13,40,81,0,0,0,0,0,0,0,0,0,0,0,15,0,0,254,
2025-2-14 20:40:13,40,81,0,0,0,0,0,0,0,0,0,0,0,15,0,0,254,
2025-2-14 20:41:13,40,81,0,0,0,0,0,0,0,0,0,0,0,15,0,0,254,
2025-2-14 20:42:13,40,81,0,0,0,0,0,0,0,0,0,0,0,15,0,0,254,
2025-2-14 20:43:13,40,81,0,0,0,0,0,0,0,0,0,0,0,15,0,0,254,
2025-2-14 20:44:13,40,81,0,0,0,0,0,0,0,0,0,0,0,15,0,0,254,
2025-2-14 20:45:13,40,81,0,0,0,0,0,0,0,0,0,0,0,15,0,0,254,
2025-2-14 20:46:13,40,81,0,0,0,0,0,0,0,0,0,0,0,15,0,0,254,
2025-2-14 20:47:13,40,81,0,0,0,0,0,0,0,0,0,0,0,15,0,0,254,
2025-2-14 20:48:13,40,81,0,0,0,0,0,0,0,0,0,0,0,15,0,0,254,
2025-2-14 20:49:13,40,81,0,0,0,0,0,0,0,0,0,0,0,15,0,0,254,
2025-2-14 20:50:13,40,81,0,0,0,0,0,0,0,0,0,0,0,15,0,0,254,
2025-2-14 20:51:13,40,81,0,0,0,0,0,0,0,0,0,0,0,15,0,0,254,
2025-2-14 20:52:13,40,81,0,0,0,0,0,0,0,0,0,0,0,15,0,0,254,
2025-2-14 20:53:13,40,81,0,0,0,0,0,0,0,0,0,0,0,15,0,0,254,
2025-2-14 20:54:13,40,81,0,0,0,0,0,0,0,0,0,0,0,15,0,0,254,
2025-2-14 20:55:13,40,81,0,0,0,0,0,0,0,0,0,0,0,15,0,0,254,
2025-2-14 20:56:13,40,81,0,0,0,0,0,0,0,0,0,0,0,15,0,0,254,
2025-2-14 20:57:13,40,81,0,0,0,0,0,0,0,0,0,0,0,15,0,0,254,
2025-2-14 20:58:13,40,82,0,0,0,0,0,0,0,0,0,0,0,15,0,0,254,
2025-2-14 20:59:13,40,81,0,0,0,0,0,0,0,0,0,0,0,15,0,0,254,
2025-2-14 21:0:13,40,81,0,0,0,0,0,0,0,0,0,0,0,15,0,0,254,
2025-2-14 21:1:13,40,81,0,0,0,0,0,0,0,0,0,0,0,15,0,0,254,
2025-2-14 21:2:13,40,81,0,0,0,0,0,0,0,0,0,0,0,15,0,0,254,
2025-2-14 21:3:13,40,81,0,0,0,0,0,0,0,0,0,0,0,15,0,0,254,
2025-2-14 21:4:13,40,81,0,0,0,0,0,0,0,0,0,0,0,15,0,0,254,
2025-2-14 21:5:13,40,81,0,0,0,0,0,0,0,0,0,0,0,15,0,0,254,
2025-2-14 21:6:13,40,81,0,0,0,0,0,0,0,0,0,0,0,15,0,0,254,
2025-2-14 21:7:13,40,81,0,0,0,0,0,0,0,0,0,0,0,15,0,0,254,
2025-2-14 21:8:13,40,81,0,0,0,0,0,0,0,0,0,0,0,15,0,0,254,
2025-2-14 21:9:13,40,81,0,0,0,0,0,0,0,0,0,0,0,15,0,0,254,
2025-2-14 21:10:13,40,81,0,0,0,0,0,0,0,0,0,0,0,15,0,0,254,
2025-2-14 21:11:13,40,81,0,0,0,0,0,0,0,0,0,0,0,15,0,0,254,
2025-2-14 21:12:13,40,81,0,0,0,0,0,0,0,0,0,0,0,15,0,0,254,
2025-2-14 21:13:13,40,81,0,0,0,0,0,0,0,0,0,0,0,15,0,0,254,
2025-2-14 21:14:13,40,81,0,0,0,0,0,0,0,0,0,0,0,15,0,0,254,
2025-2-14 21:15:13,40,82,0,0,0,0,0,0,0,0,0,0,0,15,0,0,254,
2025-2-14 21:16:13,40,81,0,0,0,0,0,0,0,0,0,0,0,15,0,0,254,
2025-2-14 21:17:13,40,81,0,0,0,0,0,0,0,0,0,0,0,15,0,0,254,
2025-2-14 21:18:13,40,81,0,0,0,0,0,0,0,0,0,0,0,15,0,0,254,
2025-2-14 21:19:13,40,81,0,0,0,0,0,0,0,0,0,0,0,15,0,0,254,
2025-2-14 21:20:13,40,81,0,0,0,0,0,0,0,0,0,0,0,15,0,0,254,
2025-2-14 21:21:13,40,82,0,0,0,0,0,0,0,0,0,0,0,15,0,0,254,
2025-2-14 21:22:13,40,81,0,0,0,0,0,0,0,0,0,0,0,15,0,0,254,
2025-2-14 21:23:13,40,81,0,0,0,0,0,0,0,0,0,0,0,15,0,0,254,
2025-2-14 21:24:13,40,81,0,0,0,0,0,0,0,0,0,0,0,15,0,0,254,
2025-2-14 21:25:13,40,81,0,0,0,0,0,0,0,0,0,0,0,15,0,0,254,
2025-2-14 21:26:13,40,81,0,0,0,0,0,0,0,0,0,0,0,15,0,0,254,
2025-2-14 21:27:13,40,81,0,0,0,0,0,0,0,0,0,0,0,15,0,0,254,
2025-2-14 21:28:13,40,81,0,0,0,0,0,0,0,0,0,0,0,15,0,0,254,
2025-2-14 21:29:13,40,81,0,0,0,0,0,0,0,0,0,0,0,15,0,0,254,
2025-2-14 21:30:13,40,81,0,0,0,0,0,0,0,0,0,0,0,15,0,0,254,
2025-2-14 21:31:13,40,82,0,0,0,0,0,0,0,0,0,0,0,15,0,0,254,
2025-2-14 21:32:13,40,81,0,0,0,0,0,0,0,0,0,0,0,15,0,0,254,
2025-2-14 21:33:13,40,81,0,0,0,0,0,0,0,0,0,0,0,15,0,0,254,
2025-2-14 21:34:13,40,81,0,0,0,0,0,0,0,0,0,0,0,15,0,0,254,
2025-2-14 21:35:13,40,81,0,0,0,0,0,0,0,0,0,0,0,15,0,0,254,
2025-2-14 21:36:13,40,81,0,0,0,0,0,0,0,0,0,0,0,15,0,0,254,
2025-2-14 21:37:13,40,81,0,0,0,0,0,0,0,0,0,0,0,15,0,0,254,
2025-2-14 21:38:13,40,81,0,0,0,0,0,0,0,0,0,0,0,15,0,0,254,
2025-2-14 21:39:13,40,81,0,0,0,0,0,0,0,0,0,0,0,15,0,0,254,
2025-2-14 21:40:13,40,81,0,0,0,0,0,0,0,0,0,0,0,15,0,0,254,
2025-2-14 21:41:13,40,82,0,0,0,0,0,0,0,0,0,0,0,15,0,0,254,
2025-2-14 21:42:13,40,81,0,0,0,0,0,0,0,0,0,0,0,15,0,0,254,
2025-2-14 21:43:13,40,81,0,0,0,0,0,0,0,0,0,0,0,15,0,0,254,
2025-2-14 21:44:13,40,81,0,0,0,0,0,0,0,0,0,0,0,15,0,0,254,
2025-2-14 21:45:13,40,82,0,0,0,0,0,0,0,0,0,0,0,15,0,0,254,
2025-2-14 21:46:13,40,81,0,0,0,0,0,0,0,0,0,0,0,15,0,0,254,
2025-2-14 21:47:13,40,82,0,0,0,0,0,0,0,0,0,0,0,15,0,0,254,
2025-2-14 21:48:13,40,81,0,0,0,0,0,0,0,0,0,0,0,15,0,0,254,
2025-2-14 21:49:13,40,81,0,0,0,0,0,0,0,0,0,0,0,15,0,0,254,
2025-2-14 21:50:13,40,82,0,0,0,0,0,0,0,0,0,0,0,15,0,0,254,
2025-2-14 21:51:13,40,82,0,0,0,0,0,0,0,0,0,0,0,15,0,0,254,
2025-2-14 21:52:13,40,81,0,0,0,0,0,0,0,0,0,0,0,15,0,0,254,
2025-2-14 21:53:13,40,79,0,0,0,0,0,0,0,0,0,0,0,15,0,0,254,
2025-2-14 21:54:13,67,86,0,0,1,0,0,0,0,0,0,0,0,15,0,0,254,
2025-2-14 21:55:13,66,84,0,0,0,0,0,0,0,0,0,0,0,15,0,0,254,
2025-2-14 21:56:13,89,88,0,0,1,0,0,0,0,0,0,0,0,15,0,0,254,
2025-2-14 21:57:13,88,86,0,0,0,0,0,0,0,0,0,0,0,5,0,0,254,
2025-2-14 21:58:13,106,90,0,0,1,0,0,0,0,0,0,0,0,15,0,0,254,
2025-2-14 21:59:13,104,88,0,0,0,0,0,0,0,0,0,0,0,5,0,0,254,
2025-2-14 22:0:13,122,91,1,0,0,0,0,0,0,0,0,0,0,15,0,0,254,
2025-2-14 22:1:13,120,89,0,0,0,0,0,0,0,0,0,0,0,60,0,0,254,
2025-2-14 22:2:13,136,92,1,0,0,0,0,0,0,0,0,0,0,15,0,0,254,
2025-2-14 22:3:13,134,89,0,0,0,0,0,0,0,0,0,0,0,60,0,0,254,
2025-2-14 22:4:13,148,93,1,0,0,0,0,0,0,0,0,0,0,15,0,0,254,
2025-2-14 22:5:13,146,91,0,0,0,0,0,0,0,0,0,0,0,60,0,0,254,
2025-2-14 22:6:13,158,94,1,0,0,0,0,0,0,0,0,0,0,15,0,0,254,
2025-2-14 22:7:13,156,91,0,0,0,0,0,0,0,0,0,0,0,60,0,0,254,
2025-2-14 22:8:13,168,94,1,0,0,0,0,0,0,0,0,0,0,15,0,0,254,
2025-2-14 22:9:13,166,93,0,0,0,0,0,0,0,0,0,0,0,60,0,0,254,
2025-2-14 22:10:13,176,95,1,0,0,0,0,0,0,0,0,0,0,15,0,0,254,
2025-2-14 22:11:13,174,94,0,0,0,0,0,0,0,0,0,0,0,60,0,0,254,
2025-2-14 22:12:13,183,96,1,0,0,0,0,0,0,0,0,0,0,15,0,0,254,
2025-2-14 22:13:13,181,93,0,0,0,0,0,0,0,0,0,0,0,60,0,0,254,
2025-2-14 22:14:13,189,96,1,0,0,0,0,0,0,0,0,0,0,15,0,0,254,
2025-2-14 22:15:13,187,94,0,0,0,0,0,0,0,0,0,0,0,60,0,0,254,
2025-2-14 22:16:13,195,97,1,0,0,0,0,0,0,0,0,0,0,15,0,0,254,
2025-2-14 22:17:13,193,95,0,0,0,0,0,0,0,0,0,0,0,60,0,0,254,
2025-2-14 22:18:13,198,96,1,0,0,0,0,0,0,0,0,0,0,15,0,0,254,
2025-2-14 22:19:13,196,94,0,0,0,0,0,0,0,0,0,0,0,60,0,0,254,
2025-2-14 22:20:13,200,97,1,0,0,0,0,0,0,0,0,0,0,15,0,0,254,
2025-2-14 22:21:13,199,96,0,0,0,0,0,0,0,0,0,0,0,60,0,0,254,
2025-2-14 22:22:13,200,98,1,0,0,0,0,0,0,0,0,0,0,15,0,0,254,
2025-2-14 22:23:13,200,98,0,0,0,0,0,0,0,0,0,0,0,15,0,0,254,
2025-2-14 22:24:13,200,98,0,0,0,0,0,0,0,0,0,0,0,15,0,0,254,
2025-2-14 22:25:13,198,96,0,0,0,0,0,0,0,0,0,0,0,15,0,0,254,
2025-2-14 22:26:13,196,96,0,0,0,0,0,0,0,0,0,0,0,15,0,0,254,
2025-2-14 22:27:13,194,96,0,0,0,0,0,0,0,0,0,0,0,15,0,0,254,
2025-2-14 22:28:13,192,97,0,0,0,0,0,0,0,0,0,0,0,15,0,0,254,
2025-2-14 22:29:13,190,96,0,0,0,0,0,0,0,0,0,0,0,15,0,0,254,
2025-2-14 22:30:13,188,95,0,0,0,0,0,0,0,0,0,0,0,15,0,0,254,
2025-2-14 22:31:13,186,97,0,0,0,0,0,0,0,0,0,0,0,15,0,0,254,
2025-2-14 22:32:13,184,96,0,0,0,0,0,0,0,0,0,0,0,15,0,0,254,
2025-2-14 22:33:13,182,96,0,0,0,0,0,0,0,0,0,0,0,15,0,0,254,
2025-2-14 22:34:13,180,95,0,0,0,0,0,0,0,0,0,0,0,15,0,0,254,
2025-2-14 22:35:13,178,96,0,0,0,0,0,0,0,0,0,0,0,15,0,0,254,
2025-2-14 22:36:13,176,94,0,0,0,0,0,0,0,0,0,0,0,15,0,0,254,
2025-2-14 22:37:13,174,93,0,0,0,0,0,0,0,0,0,0,0,15,0,0,254,
2025-2-14 22:38:13,172,95,0,0,0,0,0,0,0,0,0,0,0,15,0,0,254,
2025-2-14 22:39:13,170,93,0,0,0,0,0,0,0,0,0,0,0,15,0,0,254,
2025-2-14 22:40:13,168,94,0,0,0,0,0,0,0,0,0,0,0,15,0,0,254,
2025-2-14 22:41:13,166,95,0,0,0,0,0,0,0,0,0,0,0,15,0,0,254,
2025-2-14 22:42:13,164,94,0,0,0,0,0,0,0,0,0,0,0,15,0,0,254,
2025-2-14 22:43:13,162,94,0,0,0,0,0,0,0,0,0,0,0,15,0,0,254,
2025-2-14 22:44:13,160,95,0,0,0,0,0,0,0,0,0,0,0,15,0,0,254,
2025-2-14 22:45:13,158,94,0,0,0,0,0,0,0,0,0,0,0,15,0,0,254,
2025-2-14 22:46:13,156,94,0,0,0,0,0,0,0,0,0,0,0,15,0,0,254,
2025-2-14 22:47:13,154,94,0,0,0,0,0,0,0,0,0,0,0,15,0,0,254,
2025-2-14 22:48:13,152,93,0,0,0,0,0,0,0,0,0,0,0,15,0,0,254,
2025-2-14 22:49:13,150,92,0,0,0,0,0,0,0,0,0,0,0,15,0,0,254,
2025-2-14 22:50:13,148,93,0,0,0,0,0,0,0,0,0,0,0,15,0,0,254,
2025-2-14 22:51:13,146,93,0,0,0,0,0,0,0,0,0,0,0,15,0,0,254,
2025-2-14 22:52:13,144,92,0,0,0,0,0,0,0,0,0,0,0,15,0,0,254,
2025-2-14 22:53:13,142,92,0,0,0,0,0,0,0,0,0,0,0,15,0,0,254,
2025-2-14 22:54:13,140,93,0,0,0,0,0,0,0,0,0,0,0,15,0,0,254,
2025-2-14 22:55:13,138,92,0,0,0,0,0,0,0,0,0,0,0,15,0,0,254,
2025-2-14 22:56:13,136,93,0,0,0,0,0,0,0,0,0,0,0,15,0,0,254,
2025-2-14 22:57:13,134,93,0,0,0,0,0,0,0,0,0,0,0,15,0,0,254,
2025-2-14 22:58:13,132,91,0,0,0,0,0,0,0,0,0,0,0,15,0,0,254,
2025-2-14 22:59:13,130,91,0,0,0,0,0,0,0,0,0,0,0,15,0,0,254,
2025-2-14 23:0:13,128,92,0,0,0,0,0,0,0,0,0,0,0,15,0,0,254,
2025-2-14 23:1:13,126,91,0,0,0,0,0,0,0,0,0,0,0,15,0,0,254,
2025-2-14 23:2:13,124,91,0,0,0,0,0,0,0,0,0,0,0,15,0,0,254,
2025-2-14 23:3:13,122,91,0,0,0,0,0,0,0,0,0,0,0,15,0,0,254,
2025-2-14 23:4:13,120,90,0,0,0,0,0,0,0,0,0,0,0,15,0,0,254,
2025-2-14 23:5:13,118,90,0,0,0,0,0,0,0,0,0,0,0,15,0,0,254,
2025-2-14 23:6:13,116,91,0,0,0,0,0,0,0,0,0,0,0,15,0,0,254,
2025-2-14 23:7:13,114,90,0,0,0,0,0,0,0,0,0,0,0,15,0,0,254,
2025-2-14 23:8:13,112,90,0,0,0,0,0,0,0,0,0,0,0,15,0,0,254,
2025-2-14 23:9:13,110,90,0,0,0,0,0,0,0,0,0,0,0,15,0,0,254,
2025-2-14 23:10:13,108,90,0,0,0,0,0,0,0,0,0,0,0,15,0,0,254,
2025-2-14 23:11:13,106,89,0,0,0,0,0,0,0,0,0,0,0,15,0,0,254,
2025-2-14 23:12:13,105,89,0,0,0,0,0,0,0,0,0,0,0,15,0,0,254,
2025-2-14 23:13:13,103,90,0,0,0,0,0,0,0,0,0,0,0,15,0,0,254,
2025-2-14 23:14:13,101,89,0,0,0,0,0,0,0,0,0,0,0,15,0,0,254,
2025-2-14 23:15:13,100,89,0,0,0,0,0,0,0,0,0,0,0,15,0,0,254,
2025-2-14 23:16:13,98,88,0,0,0,0,0,0,0,0,0,0,0,15,0,0,254,
2025-2-14 23:17:13,96,88,0,0,0,0,0,0,0,0,0,0,0,15,0,0,254,
2025-2-14 23:18:13,95,88,0,0,0,0,0,0,0,0,0,0,0,15,0,0,254,
2025-2-14 23:19:13,93,88,0,0,0,0,0,0,0,0,0,0,0,15,0,0,254,
2025-2-14 23:20:13,92,88,0,0,0,0,0,0,0,0,0,0,0,15,0,0,254,
2025-2-14 23:21:13,90,88,0,0,0,0,0,0,0,0,0,0,0,15,0,0,254,
2025-2-14 23:22:13,89,87,0,0,0,0,0,0,0,0,0,0,0,15,0,0,254,
2025-2-14 23:23:13,88,88,0,0,0,0,0,0,0,0,0,0,0,15,0,0,254,
2025-2-14 23:24:13,86,88,0,0,0,0,0,0,0,0,0,0,0,15,0,0,254,
2025-2-14 23:25:13,85,87,0,0,0,0,0,0,0,0,0,0,0,15,0,0,254,
2025-2-14 23:26:13,84,87,0,0,0,0,0,0,0,0,0,0,0,15,0,0,254,
2025-2-14 23:27:13,83,87,0,0,0,0,0,0,0,0,0,0,0,15,0,0,254,
2025-2-14 23:28:13,81,87,0,0,0,0,0,0,0,0,0,0,0,15,0,0,254,
2025-2-14 23:29:13,80,87,0,0,0,0,0,0,0,0,0,0,0,15,0,0,254,
2025-2-14 23:30:13,79,87,0,0,0,0,0,0,0,0,0,0,0,15,0,0,254,
2025-2-14 23:31:13,78,87,0,0,0,0,0,0,0,0,0,0,0,15,0,0,254,
2025-2-14 23:32:13,77,86,0,0,0,0,0,0,0,0,0,0,0,15,0,0,254,
2025-2-14 23:33:13,76,86,0,0,0,0,0,0,0,0,0,0,0,15,0,0,254,
2025-2-14 23:34:13,75,86,0,0,0,0,0,0,0,0,0,0,0,15,0,0,254,
2025-2-14 23:35:13,74,86,0,0,0,0,0,0,0,0,0,0,0,15,0,0,254,
2025-2-14 23:36:13,73,86,0,0,0,0,0,0,0,0,0,0,0,15,0,0,254,
2025-2-14 23:37:13,72,86,0,0,0,0,0,0,0,0,0,0,0,15,0,0,254,
2025-2-14 23:38:13,71,86,0,0,0,0,0,0,0,0,0,0,0,15,0,0,254,
2025-2-14 23:39:13,70,85,0,0,0,0,0,0,0,0,0,0,0,15,0,0,254,
2025-2-14 23:40:13,69,85,0,0,0,0,0,0,0,0,0,0,0,15,0,0,254,
2025-2-14 23:41:13,68,86,0,0,0,0,0,0,0,0,0,0,0,15,0,0,254,
2025-2-14 23:42:13,67,85,0,0,0,0,0,0,0,0,0,0,0,15,0,0,254,
2025-2-14 23:43:13,67,85,0,0,0,0,0,0,0,0,0,0,0,60,0,0,254,
2025-2-14 23:44:13,92,88,1,0,0,0,0,0,0,0,0,0,0,15,0,0,254,
2025-2-14 23:45:13,90,88,0,0,0,0,0,0,0,0,0,0,0,60,0,0,254,
2025-2-14 23:46:13,111,89,1,0,0,0,0,0,0,0,0,0,0,15,0,0,254,
2025-2-14 23:47:13,109,89,0,0,0,0,0,0,0,0,0,0,0,60,0,0,254,
2025-2-14 23:48:13,126,91,1,0,0,0,0,0,0,0,0,0,0,15,0,0,254,
2025-2-14 23:49:13,124,89,0,0,0,0,0,0,0,0,0,0,0,60,0,0,254,
2025-2-14 23:50:13,140,92,1,0,0,0,0,0,0,0,0,0,0,15,0,0,254,
2025-2-14 23:51:13,138,94,0,0,0,0,0,0,0,0,0,0,0,60,0,0,254,
2025-2-14 23:52:13,152,93,1,0,0,0,0,0,0,0,0,0,0,15,0,0,254,
2025-2-14 23:53:13,150,94,0,0,0,0,0,0,0,0,0,0,0,60,0,0,254,
2025-2-14 23:54:13,162,94,1,0,0,0,0,0,0,0,0,0,0,15,0,0,254,
2025-2-14 23:55:13,160,93,0,0,0,0,0,0,0,0,0,0,0,60,0,0,254,
2025-2-14 23:56:13,171,95,1,0,0,0,0,0,0,0,0,0,0,15,0,0,254,
2025-2-14 23:57:13,169,93,0,0,0,0,0,0,0,0,0,0,0,60,0,0,254,
2025-2-14 23:58:13,179,95,1,0,0,0,0,0,0,0,0,0,0,15,0,0,254,
2025-2-14 23:59:13,177,95,0,0,0,0,0,0,0,0,0,0,0,60,0,0,254,
2025-2-15 0:0:13,186,96,1,0,0,0,0,0,0,0,0,0,0,15,0,0,254,
2025-2-15 0:1:13,184,95,0,0,0,0,0,0,0,0,0,0,0,60,0,0,254,
2025-2-15 0:2:13,192,97,1,0,0,0,0,0,0,0,0,0,0,15,0,0,254,
2025-2-15 0:3:13,190,95,0,0,0,0,0,0,0,0,0,0,0,60,0,0,254,
2025-2-15 0:4:13,195,96,1,0,0,0,0,0,0,0,0,0,0,15,0,0,254,
2025-2-15 0:5:13,193,93,0,0,0,0,0,0,0,0,0,0,0,60,0,0,254,
2025-2-15 0:6:13,198,96,1,0,0,0,0,0,0,0,0,0,0,15,0,0,254,
2025-2-15 0:7:13,196,94,0,0,0,0,0,0,0,0,0,0,0,60,0,0,254,
2025-2-15 0:8:13,200,97,1,0,0,0,0,0,0,0,0,0,0,15,0,0,254,
2025-2-15 0:9:13,199,93,0,0,0,0,0,0,0,0,0,0,0,60,0,0,254,
2025-2-15 0:10:13,200,97,1,0,0,0,0,0,0,0,0,0,0,15,0,0,254,
2025-2-15 0:11:13,200,96,0,0,0,0,0,0,0,0,0,0,0,60,0,0,254,
2025-2-15 0:12:13,200,97,1,0,0,0,0,0,0,0,0,0,0,15,0,0,254,
2025-2-15 0:13:13,198,96,0,0,0,0,0,0,0,0,0,0,0,15,0,0,254,
2025-2-15 0:14:13,196,97,0,0,0,0,0,0,0,0,0,0,0,15,0,0,254,
2025-2-15 0:15:13,194,96,0,0,0,0,0,0,0,0,0,0,0,15,0,0,254,
2025-2-15 0:16:13,192,96,0,0,0,0,0,0,0,0,0,0,0,15,0,0,254,
2025-2-15 0:17:13,190,96,0,0,0,0,0,0,0,0,0,0,0,15,0,0,254,
2025-2-15 0:18:13,188,95,0,0,0,0,0,0,0,0,0,0,0,15,0,0,254,
2025-2-15 0:19:13,186,95,0,0,0,0,0,0,0,0,0,0,0,15,0,0,254,
2025-2-15 0:20:13,184,95,0,0,0,0,0,0,0,0,0,0,0,15,0,0,254,
2025-2-15 0:21:13,182,96,0,0,0,0,0,0,0,0,0,0,0,15,0,0,254,
2025-2-15 0:22:13,180,95,0,0,0,0,0,0,0,0,0,0,0,15,0,0,254,
2025-2-15 0:23:13,178,95,0,0,0,0,0,0,0,0,0,0,0,15,0,0,254,
2025-2-15 0:24:13,176,95,0,0,0,0,0,0,0,0,0,0,0,15,0,0,254,
2025-2-15 0:25:13,174,95,0,0,0,0,0,0,0,0,0,0,0,15,0,0,254,
2025-2-15 0:26:13,172,95,0,0,0,0,0,0,0,0,0,0,0,15,0,0,254,
2025-2-15 0:27:13,170,95,0,0,0,0,0,0,0,0,0,0,0,15,0,0,254,
2025-2-15 0:28:13,168,94,0,0,0,0,0,0,0,0,0,0,0,15,0,0,254,
2025-2-15 0:29:13,166,94,0,0,0,0,0,0,0,0,0,0,0,15,0,0,254,
2025-2-15 0:30:13,164,95,0,0,0,0,0,0,0,0,0,0,0,15,0,0,254,
2025-2-15 0:31:13,162,94,0,0,0,0,0,0,0,0,0,0,0,15,0,0,254,
2025-2-15 0:32:13,160,94,0,0,0,0,0,0,0,0,0,0,0,15,0,0,254,
2025-2-15 0:33:13,158,95,0,0,0,0,0,0,0,0,0,0,0,15,0,0,254,
2025-2-15 0:34:13,156,94,0,0,0,0,0,0,0,0,0,0,0,15,0,0,254,
2025-2-15 0:35:13,154,94,0,0,0,0,0,0,0,0,0,0,0,15,0,0,254,
2025-2-15 0:36:13,152,93,0,0,0,0,0,0,0,0,0,0,0,15,0,0,254,
2025-2-15 0:37:13,150,93,0,0,0,0,0,0,0,0,0,0,0,15,0,0,254,
2025-2-15 0:38:13,148,93,0,0,0,0,0,0,0,0,0,0,0,15,0,0,254,
2025-2-15 0:39:13,146,93,0,0,0,0,0,0,0,0,0,0,0,15,0,0,254,
2025-2-15 0:40:13,144,93,0,0,0,0,0,0,0,0,0,0,0,15,0,0,254,
2025-2-15 0:41:13,142,93,0,0,0,0,0,0,0,0,0,0,0,15,0,0,254,
2025-2-15 0:42:13,140,93,0,0,0,0,0,0,0,0,0,0,0,15,0,0,254,
2025-2-15 0:43:13,138,92,0,0,0,0,0,0,0,0,0,0,0,15,0,0,254,
2025-2-15 0:44:13,136,92,0,0,0,0,0,0,0,0,0,0,0,15,0,0,254,
2025-2-15 0:45:13,134,92,0,0,0,0,0,0,0,0,0,0,0,15,0,0,254,
2025-2-15 0:46:13,132,91,0,0,0,0,0,0,0,0,0,0,0,15,0,0,254,
2025-2-15 0:47:13,130,92,0,0,0,0,0,0,0,0,0,0,0,15,0,0,254,
2025-2-15 0:48:13,128,91,0,0,0,0,0,0,0,0,0,0,0,15,0,0,254,
2025-2-15 0:49:13,126,92,0,0,0,0,0,0,0,0,0,0,0,15,0,0,254,
2025-2-15 0:50:13,124,91,0,0,0,0,0,0,0,0,0,0,0,15,0,0,254,
2025-2-15 0:51:13,122,91,0,0,0,0,0,0,0,0,0,0,0,15,0,0,254,
2025-2-15 0:52:13,120,91,0,0,0,0,0,0,0,0,0,0,0,15,0,0,254,
2025-2-15 0:53:13,118,91,0,0,0,0,0,0,0,0,0,0,0,15,0,0,254,
2025-2-15 0:54:13,116,89,0,0,0,0,0,0,0,0,0,0,0,15,0,0,254,
2025-2-15 0:55:13,114,90,0,0,0,0,0,0,0,0,0,0,0,15,0,0,254,
2025-2-15 0:56:13,112,90,0,0,0,0,0,0,0,0,0,0,0,15,0,0,254,
2025-2-15 0:57:13,110,89,0,0,0,0,0,0,0,0,0,0,0,15,0,0,254,
2025-2-15 0:58:13,108,89,0,0,0,0,0,0,0,0,0,0,0,15,0,0,254,
2025-2-15 0:59:13,106,90,0,0,0,0,0,0,0,0,0,0,0,15,0,0,254,
2025-2-15 1:0:13,104,90,0,0,0,0,0,0,0,0,0,0,0,15,0,0,254,
2025-2-15 1:1:13,102,89,0,0,0,0,0,0,0,0,0,0,0,15,0,0,254,
2025-2-15 1:2:13,101,89,0,0,0,0,0,0,0,0,0,0,0,15,0,0,254,
2025-2-15 1:3:13,99,89,0,0,0,0,0,0,0,0,0,0,0,15,0,0,254,
2025-2-15 1:4:13,98,89,0,0,0,0,0,0,0,0,0,0,0,15,0,0,254,
2025-2-15 1:5:13,96,88,0,0,0,0,0,0,0,0,0,0,0,15,0,0,254,
2025-2-15 1:6:13,94,88,0,0,0,0,0,0,0,0,0,0,0,15,0,0,254,
2025-2-15 1:7:13,93,88,0,0,0,0,0,0,0,0,0,0,0,15,0,0,254,
2025-2-15 1:8:13,92,88,0,0,0,0,0,0,0,0,0,0,0,15,0,0,254,
2025-2-15 1:9:13,90,87,0,0,0,0,0,0,0,0,0,0,0,15,0,0,254,
2025-2-15 1:10:13,89,87,0,0,0,0,0,0,0,0,0,0,0,15,0,0,254,
2025-2-15 1:11:13,87,87,0,0,0,0,0,0,0,0,0,0,0,15,0,0,254,
2025-2-15 1:12:13,86,87,0,0,0,0,0,0,0,0,0,0,0,15,0,0,254,
2025-2-15 1:13:13,85,88,0,0,0,0,0,0,0,0,0,0,0,15,0,0,254,
2025-2-15 1:14:13,84,87,0,0,0,0,0,0,0,0,0,0,0,15,0,0,254,
2025-2-15 1:15:13,82,87,0,0,0,0,0,0,0,0,0,0,0,15,0,0,254,
2025-2-15 1:16:13,81,87,0,0,0,0,0,0,0,0,0,0,0,15,0,0,254,
2025-2-15 1:17:13,80,87,0,0,0,0,0,0,0,0,0,0,0,15,0,0,254,
2025-2-15 1:18:13,79,86,0,0,0,0,0,0,0,0,0,0,0,15,0,0,254,
2025-2-15 1:19:13,78,87,0,0,0,0,0,0,0,0,0,0,0,15,0,0,254,
2025-2-15 1:20:13,77,86,0,0,0,0,0,0,0,0,0,0,0,15,0,0,254,
2025-2-15 1:21:13,76,86,0,0,0,0,0,0,0,0,0,0,0,15,0,0,254,
2025-2-15 1:22:13,75,86,0,0,0,0,0,0,0,0,0,0,0,15,0,0,254,
2025-2-15 1:23:13,74,86,0,0,0,0,0,0,0,0,0,0,0,15,0,0,254,
2025-2-15 1:24:13,73,86,0,0,0,0,0,0,0,0,0,0,0,15,0,0,254,
2025-2-15 1:25:13,72,86,0,0,0,0,0,0,0,0,0,0,0,15,0,0,254,
2025-2-15 1:26:13,71,85,0,0,0,0,0,0,0,0,0,0,0,15,0,0,254,
2025-2-15 1:27:13,70,85,0,0,0,0,0,0,0,0,0,0,0,15,0,0,254,
2025-2-15 1:28:13,69,86,0,0,0,0,0,0,0,0,0,0,0,15,0,0,254,
2025-2-15 1:29:13,68,85,0,0,0,0,0,0,0,0,0,0,0,15,0,0,254,
2025-2-15 1:30:13,67,84,0,0,0,0,0,0,0,0,0,0,0,15,0,0,254,
2025-2-15 1:31:13,66,85,0,0,0,0,0,0,0,0,0,0,0,15,0,0,254,
2025-2-15 1:32:13,66,85,0,0,0,0,0,0,0,0,0,0,0,15,0,0,254,
2025-2-15 1:33:13,65,83,0,0,0,0,0,0,0,0,0,0,0,60,0,0,254,
2025-2-15 1:34:13,65,85,0,1,0,0,0,0,0,0,0,0,0,15,0,0,254,
2025-2-15 1:35:13,64,84,0,0,0,0,0,0,0,0,0,0,0,60,0,0,254,
2025-2-15 1:36:13,64,85,0,1,0,0,0,0,0,0,0,0,0,15,0,0,254,
2025-2-15 1:37:13,63,84,0,0,0,0,0,0,0,0,0,0,0,60,0,0,254,
2025-2-15 1:38:13,63,84,0,1,0,0,0,0,0,0,0,0,0,15,0,0,254,
2025-2-15 1:39:13,63,85,0,0,0,0,0,0,0,0,0,0,0,60,0,0,254,
2025-2-15 1:40:13,63,85,0,1,0,0,0,0,0,0,0,0,0,15,0,0,254,
2025-2-15 1:41:13,62,86,0,0,0,0,0,0,0,0,0,0,0,60,0,0,254,
2025-2-15 1:42:13,62,85,0,1,0,0,0,0,0,0,0,0,0,15,0,0,254,
2025-2-15 1:43:13,61,82,0,0,0,0,0,0,0,0,0,0,0,60,0,0,254,
2025-2-15 1:44:13,61,84,0,1,0,0,0,0,0,0,0,0,0,15,0,0,254,
2025-2-15 1:45:13,61,83,0,0,0,0,0,0,0,0,0,0,0,60,0,0,254,
2025-2-15 1:46:13,61,84,0,1,0,0,0,0,0,0,0,0,0,15,0,0,254,
2025-2-15 1:47:13,60,82,0,0,0,0,0,0,0,0,0,0,0,60,0,0,254,
2025-2-15 1:48:13,60,85,0,1,0,0,0,0,0,0,0,0,0,15,0,0,254,
2025-2-15 1:49:13,59,85,0,0,0,0,0,0,0,0,0,0,0,60,0,0,254,
2025-2-15 1:50:13,59,84,0,1,0,0,0,0,0,0,0,0,0,15,0,0,254,
2025-2-15 1:51:13,59,86,0,0,0,0,0,0,0,0,0,0,0,60,0,0,254,
2025-2-15 1:52:13,59,84,0,1,0,0,0,0,0,0,0,0,0,15,0,0,254,
2025-2-15 1:53:13,58,82,0,0,0,0,0,0,0,0,0,0,0,60,0,0,254,
2025-2-15 1:54:13,58,84,0,1,0,0,0,0,0,0,0,0,0,15,0,0,254,
2025-2-15 1:55:13,57,84,0,0,0,0,0,0,0,0,0,0,0,60,0,0,254,
2025-2-15 1:56:13,57,84,0,1,0,0,0,0,0,0,0,0,0,15,0,0,254,
2025-2-15 1:57:13,57,84,0,0,0,0,0,0,0,0,0,0,0,60,0,0,254,
2025-2-15 1:58:13,57,84,0,1,0,0,0,0,0,0,0,0,0,15,0,0,254,
2025-2-15 1:59:13,56,86,0,0,0,0,0,0,0,0,0,0,0,60,0,0,254,
2025-2-15 2:0:13,56,84,0,1,0,0,0,0,0,0,0,0,0,15,0,0,254,
2025-2-15 2:1:13,56,84,0,0,0,0,0,0,0,0,0,0,0,60,0,0,254,
2025-2-15 2:2:13,56,83,0,1,0,0,0,0,0,0,0,0,0,15,0,0,254,
2025-2-15 2:3:13,55,84,0,0,0,0,0,0,0,0,0,0,0,15,0,0,254,
2025-2-15 2:4:13,55,84,0,0,0,0,0,0,0,0,0,0,0,15,0,0,254,
2025-2-15 2:5:13,54,84,0,0,0,0,0,0,0,0,0,0,0,15,0,0,254,
2025-2-15 2:6:13,54,84,0,0,0,0,0,0,0,0,0,0,0,15,0,0,254,
2025-2-15 2:7:13,53,83,0,0,0,0,0,0,0,0,0,0,0,15,0,0,254,
2025-2-15 2:8:13,53,83,0,0,0,0,0,0,0,0,0,0,0,15,0,0,254,
2025-2-15 2:9:13,52,84,0,0,0,0,0,0,0,0,0,0,0,15,0,0,254,
2025-2-15 2:10:13,52,83,0,0,0,0,0,0,0,0,0,0,0,15,0,0,254,
2025-2-15 2:11:13,51,83,0,0,0,0,0,0,0,0,0,0,0,15,0,0,254,
2025-2-15 2:12:13,51,83,0,0,0,0,0,0,0,0,0,0,0,15,0,0,254,
2025-2-15 2:13:13,50,59,0,0,0,0,0,0,0,0,0,0,0,13,0,0,254,
2025-2-15 2:14:13,50,82,0,0,0,0,0,0,0,0,0,0,0,13,0,0,254,
2025-2-15 2:15:13,50,58,0,0,0,0,0,0,0,0,0,0,0,13,0,0,254,
2025-2-15 2:16:13,49,80,0,0,0,0,0,0,0,0,0,0,0,13,0,0,254,
2025-2-15 2:17:13,49,74,0,0,0,0,0,0,0,0,0,0,0,13,0,0,254,
2025-2-15 2:18:13,49,89,0,0,0,0,0,0,0,0,0,0,0,13,0,0,254,
2025-2-15 2:19:13,48,77,0,0,0,0,0,0,0,0,0,0,0,13,0,0,254,
2025-2-15 2:20:13,48,100,0,0,0,0,0,0,0,0,0,0,0,13,0,0,254,
2025-2-15 2:21:13,47,78,0,0,0,0,0,0,0,0,0,0,0,13,0,0,254,
2025-2-15 2:22:13,47,103,0,0,0,0,0,0,0,0,0,0,0,13,0,0,254,
2025-2-15 2:23:13,47,80,0,0,0,0,0,0,0,0,0,0,0,13,0,0,254,
2025-2-15 2:24:13,47,103,0,0,0,0,0,0,0,0,0,0,0,13,0,0,254,
2025-2-15 2:25:13,46,80,0,0,0,0,0,0,0,0,0,0,0,13,0,0,254,
2025-2-15 2:26:13,46,59,0,0,0,0,0,0,0,0,0,0,0,13,0,0,254,
2025-2-15 2:27:13,46,81,0,0,0,0,0,0,0,0,0,0,0,13,0,0,254,
2025-2-15 2:28:13,45,57,0,0,0,0,0,0,0,0,0,0,0,13,0,0,254,
2025-2-15 2:29:13,45,80,0,0,0,0,0,0,0,0,0,0,0,13,0,0,254,
2025-2-15 2:30:13,45,72,0,0,0,0,0,0,0,0,0,0,0,13,0,0,254,
2025-2-15 2:31:13,44,89,0,0,0,0,0,0,0,0,0,0,0,13,0,0,254,
2025-2-15 2:32:13,44,76,0,0,0,0,0,0,0,0,0,0,0,13,0,0,254,
2025-2-15 2:33:13,44,99,0,0,0,0,0,0,0,0,0,0,0,13,0,0,254,
2025-2-15 2:34:13,44,77,0,0,0,0,0,0,0,0,0,0,0,13,0,0,254,
2025-2-15 2:35:13,43,102,0,0,0,0,0,0,0,0,0,0,0,13,0,0,254,
2025-2-15 2:36:13,43,80,0,0,0,0,0,0,0,0,0,0,0,13,0,0,254,
2025-2-15 2:37:13,43,102,0,0,0,0,0,0,0,0,0,0,0,13,0,0,254,
2025-2-15 2:38:13,43,80,0,0,0,0,0,0,0,0,0,0,0,13,0,0,254,
2025-2-15 2:39:13,43,56,0,0,0,0,0,0,0,0,0,0,0,13,0,0,254,
2025-2-15 2:40:13,42,79,0,0,0,0,0,0,0,0,0,0,0,13,0,0,254,
2025-2-15 2:41:13,42,57,0,0,0,0,0,0,0,0,0,0,0,13,0,0,254,
2025-2-15 2:42:13,42,79,0,0,0,0,0,0,0,0,0,0,0,13,0,0,254,
2025-2-15 2:43:13,42,70,0,0,0,0,0,0,0,0,0,0,0,13,0,0,254,
2025-2-15 2:44:13,42,89,0,0,0,0,0,0,0,0,0,0,0,13,0,0,254,
2025-2-15 2:45:13,41,76,0,0,0,0,0,0,0,0,0,0,0,13,0,0,254,
2025-2-15 2:46:13,41,100,0,0,0,0,0,0,0,0,0,0,0,13,0,0,254,
2025-2-15 2:47:13,41,78,0,0,0,0,0,0,0,0,0,0,0,13,0,0,254,
2025-2-15 2:48:13,41,102,0,0,0,0,0,0,0,0,0,0,0,13,0,0,254,
2025-2-15 2:49:13,41,79,0,0,0,0,0,0,0,0,0,0,0,13,0,0,254,
2025-2-15 2:50:13,40,102,0,0,0,0,0,0,0,0,0,0,0,13,0,0,254,
2025-2-15 2:51:13,40,79,0,0,0,0,0,0,0,0,0,0,0,13,0,0,254,
2025-2-15 2:52:13,40,52,0,0,0,0,0,0,0,0,0,0,0,13,0,0,254,
2025-2-15 2:53:13,40,79,0,0,0,0,0,0,0,0,0,0,0,13,0,0,254,
2025-2-15 2:54:13,40,57,0,0,0,0,0,0,0,0,0,0,0,13,0,0,254,
2025-2-15 2:55:13,40,79,0,0,0,0,0,0,0,0,0,0,0,13,0,0,254,
2025-2-15 2:56:13,40,71,0,0,0,0,0,0,0,0,0,0,0,13,0,0,254,
2025-2-15 2:57:13,40,90,0,0,0,0,0,0,0,0,0,0,0,13,0,0,254,
2025-2-15 2:58:13,40,75,0,0,0,0,0,0,0,0,0,0,0,13,0,0,254,
2025-2-15 2:59:13,40,99,0,0,0,0,0,0,0,0,0,0,0,13,0,0,254,
2025-2-15 3:0:13,40,78,0,0,0,0,0,0,0,0,0,0,0,13,0,0,254,
2025-2-15 3:1:13,40,102,0,0,0,0,0,0,0,0,0,0,0,13,0,0,254,
2025-2-15 3:2:13,40,79,0,0,0,0,0,0,0,0,0,0,0,13,0,0,254,
2025-2-15 3:3:13,40,101,0,0,0,0,0,0,0,0,0,0,0,13,0,0,254,
2025-2-15 3:4:13,40,79,0,0,0,0,0,0,0,0,0,0,0,13,0,0,254,
2025-2-15 3:5:13,40,52,0,0,0,0,0,0,0,0,0,0,0,13,0,0,254,
2025-2-15 3:6:13,40,79,0,0,0,0,0,0,0,0,0,0,0,13,0,0,254,
2025-2-15 3:7:13,40,57,0,0,0,0,0,0,0,0,0,0,0,13,0,0,254,
2025-2-15 3:8:13,40,80,0,0,0,0,0,0,0,0,0,0,0,13,0,0,254,
2025-2-15 3:9:13,40,69,0,0,0,0,0,0,0,0,0,0,0,13,0,0,254,
2025-2-15 3:10:13,40,92,0,0,0,0,0,0,0,0,0,0,0,13,0,0,254,
2025-2-15 3:11:13,40,75,0,0,0,0,0,0,0,0,0,0,0,13,0,0,254,
2025-2-15 3:12:13,40,99,0,0,0,0,0,0,0,0,0,0,0,13,0,0,254,
2025-2-15 3:13:13,40,78,0,0,0,0,0,0,0,0,0,0,0,13,0,0,254,
2025-2-15 3:14:13,40,102,0,0,0,0,0,0,0,0,0,0,0,13,0,0,254,
2025-2-15 3:15:13,40,79,0,0,0,0,0,0,0,0,0,0,0,13,0,0,254,
2025-2-15 3:16:13,40,100,0,0,0,0,0,0,0,0,0,0,0,13,0,0,254,
2025-2-15 3:17:13,40,79,0,0,0,0,0,0,0,0,0,0,0,13,0,0,254,
2025-2-15 3:18:13,40,53,0,0,0,0,0,0,0,0,0,0,0,13,0,0,254,
2025-2-15 3:19:13,40,79,0,0,0,0,0,0,0,0,0,0,0,13,0,0,254,
2025-2-15 3:20:13,40,61,0,0,0,0,0,0,0,0,0,0,0,13,0,0,254,
2025-2-15 3:21:13,40,79,0,0,0,0,0,0,0,0,0,0,0,13,0,0,254,
2025-2-15 3:22:13,40,72,0,0,0,0,0,0,0,0,0,0,0,13,0,0,254,
2025-2-15 3:23:13,40,92,0,0,0,0,0,0,0,0,0,0,0,13,0,0,254,
2025-2-15 3:24:13,40,75,0,0,0,0,0,0,0,0,0,0,0,13,0,0,254,
2025-2-15 3:25:13,40,100,0,0,0,0,0,0,0,0,0,0,0,13,0,0,254,
2025-2-15 3:26:13,40,79,0,0,0,0,0,0,0,0,0,0,0,13,0,0,254,
2025-2-15 3:27:13,40,103,0,0,0,0,0,0,0,0,0,0,0,13,0,0,254,
2025-2-15 3:28:13,40,79,0,0,0,0,0,0,0,0,0,0,0,13,0,0,254,
2025-2-15 3:29:13,40,100,0,0,0,0,0,0,0,0,0,0,0,13,0,0,254,
2025-2-15 3:30:13,40,79,0,0,0,0,0,0,0,0,0,0,0,13,0,0,254,
2025-2-15 3:31:13,40,53,0,0,0,0,0,0,0,0,0,0,0,13,0,0,254,
2025-2-15 3:32:13,40,79,0,0,0,0,0,0,0,0,0,0,0,13,0,0,254,
2025-2-15 3:33:13,40,61,0,0,0,0,0,0,0,0,0,0,0,13,0,0,254,
2025-2-15 3:34:13,40,80,0,0,0,0,0,0,0,0,0,0,0,13,0,0,254,
2025-2-15 3:35:13,40,71,0,0,0,0,0,0,0,0,0,0,0,13,0,0,254,
2025-2-15 3:36:13,40,93,0,0,0,0,0,0,0,0,0,0,0,13,0,0,254,
2025-2-15 3:37:13,40,76,0,0,0,0,0,0,0,0,0,0,0,13,0,0,254,
2025-2-15 3:38:13,40,101,0,0,0,0,0,0,0,0,0,0,0,13,0,0,254,
2025-2-15 3:39:13,40,79,0,0,0,0,0,0,0,0,0,0,0,13,0,0,254,
2025-2-15 3:40:13,40,103,0,0,0,0,0,0,0,0,0,0,0,13,0,0,254,
2025-2-15 3:41:13,40,79,0,0,0,0,0,0,0,0,0,0,0,13,0,0,254,
2025-2-15 3:42:13,40,99,0,0,0,0,0,0,0,0,0,0,0,13,0,0,254,
2025-2-15 3:43:13,40,80,0,0,0,0,0,0,0,0,0,0,0,13,0,0,254,
2025-2-15 3:44:13,40,53,0,0,0,0,0,0,0,0,0,0,0,13,0,0,254,
2025-2-15 3:45:13,40,79,0,0,0,0,0,0,0,0,0,0,0,13,0,0,254,
2025-2-15 3:46:13,40,63,0,0,0,0,0,0,0,0,0,0,0,13,0,0,254,
2025-2-15 3:47:13,40,81,0,0,0,0,0,0,0,0,0,0,0,13,0,0,254,
2025-2-15 3:48:13,40,73,0,0,0,0,0,0,0,0,0,0,0,13,0,0,254,
2025-2-15 3:49:13,40,94,0,0,0,0,0,0,0,0,0,0,0,13,0,0,254,
2025-2-15 3:50:13,40,77,0,0,0,0,0,0,0,0,0,0,0,13,0,0,254,
2025-2-15 3:51:13,40,101,0,0,0,0,0,0,0,0,0,0,0,13,0,0,254,
2025-2-15 3:52:13,40,71,0,0,0,0,4,0,0,0,0,0,0,13,0,0,254,
2025-2-15 3:53:13,57,102,0,0,0,0,12,0,0,0,0,0,0,13,0,0,254,
2025-2-15 3:54:13,75,84,0,0,0,0,9,0,0,0,0,0,0,13,0,0,254,
2025-2-15 3:55:13,74,101,0,0,0,0,0,0,0,0,0,0,0,13,0,0,254,
2025-2-15 3:56:13,73,84,0,0,0,0,0,0,0,0,0,0,0,13,0,0,254,
2025-2-15 3:57:13,72,57,0,0,0,0,0,0,0,0,0,0,0,13,0,0,254,
2025-2-15 3:58:13,71,83,0,0,0,0,0,0,0,0,0,0,0,13,0,0,254,
2025-2-15 3:59:13,70,74,0,0,0,0,0,0,0,0,0,0,0,13,0,0,254,
2025-2-15 4:0:13,69,85,0,0,0,0,0,0,0,0,0,0,0,13,0,0,254,
2025-2-15 4:1:13,68,78,0,0,0,0,0,0,0,0,0,0,0,13,0,0,254,
2025-2-15 4:2:13,67,99,0,0,0,0,0,0,0,0,0,0,0,13,0,0,254,
2025-2-15 4:3:13,67,81,0,0,0,0,0,0,0,0,0,0,0,13,0,0,254,
2025-2-15 4:4:13,66,104,0,0,0,0,0,0,0,0,0,0,0,13,0,0,254,
2025-2-15 4:5:13,65,83,0,0,0,0,0,0,0,0,0,0,0,13,0,0,254,
2025-2-15 4:6:13,64,106,0,0,0,0,0,0,0,0,0,0,0,13,0,0,254,
2025-2-15 4:7:13,64,82,0,0,0,0,0,0,0,0,0,0,0,13,0,0,254,
2025-2-15 4:8:13,63,96,0,0,0,0,0,0,0,0,0,0,0,13,0,0,254,
2025-2-15 4:9:13,62,83,0,0,0,0,0,0,0,0,0,0,0,13,0,0,254,
2025-2-15 4:10:13,61,57,0,0,0,0,0,0,0,0,0,0,0,13,0,0,254,
2025-2-15 4:11:13,61,82,0,0,0,0,0,0,0,0,0,0,0,13,0,0,254,
2025-2-15 4:12:13,60,67,0,0,0,0,0,0,0,0,0,0,0,13,0,0,254,
2025-2-15 4:13:13,59,84,0,0,0,0,0,0,0,0,0,0,0,13,0,0,254,
2025-2-15 4:14:13,59,77,0,0,0,0,0,0,0,0,0,0,0,13,0,0,254,
2025-2-15 4:15:13,58,98,0,0,0,0,0,0,0,0,0,0,0,13,0,0,254,
2025-2-15 4:16:13,58,79,0,0,0,0,0,0,0,0,0,0,0,13,0,0,254,
2025-2-15 4:17:13,57,104,0,0,0,0,0,0,0,0,0,0,0,13,0,0,254,
2025-2-15 4:18:13,56,81,0,0,0,0,0,0,0,0,0,0,0,13,0,0,254,
2025-2-15 4:19:13,56,106,0,0,0,0,0,0,0,0,0,0,0,13,0,0,254,
2025-2-15 4:20:13,55,82,0,0,0,0,0,0,0,0,0,0,0,13,0,0,254,
2025-2-15 4:21:13,55,91,0,0,0,0,0,0,0,0,0,0,0,13,0,0,254,
2025-2-15 4:22:13,54,82,0,0,0,0,0,0,0,0,0,0,0,13,0,0,254,
2025-2-15 4:23:13,54,57,0,0,0,0,0,0,0,0,0,0,0,13,0,0,254,
2025-2-15 4:24:13,53,81,0,0,0,0,0,0,0,0,0,0,0,13,0,0,254,
2025-2-15 4:25:13,53,66,0,0,0,0,0,0,0,0,0,0,0,13,0,0,254,
2025-2-15 4:26:13,52,83,0,0,0,0,0,0,0,0,0,0,0,13,0,0,254,
2025-2-15 4:27:13,52,76,0,0,0,0,0,0,0,0,0,0,0,13,0,0,254,
2025-2-15 4:28:13,51,97,0,0,0,0,0,0,0,0,0,0,0,13,0,0,254,
2025-2-15 4:29:13,51,79,0,0,0,0,0,0,0,0,0,0,0,13,0,0,254,
2025-2-15 4:30:13,51,103,0,0,0,0,0,0,0,0,0,0,0,13,0,0,254,
2025-2-15 4:31:13,50,81,0,0,0,0,0,0,0,0,0,0,0,13,0,0,254,
2025-2-15 4:32:13,50,105,0,0,0,0,0,0,0,0,0,0,0,13,0,0,254,
2025-2-15 4:33:13,49,81,0,0,0,0,0,0,0,0,0,0,0,13,0,0,254,
2025-2-15 4:34:13,49,86,0,0,0,0,0,0,0,0,0,0,0,13,0,0,254,
2025-2-15 4:35:13,49,81,0,0,0,0,0,0,0,0,0,0,0,13,0,0,254,
2025-2-15 4:36:13,48,58,0,0,0,0,0,0,0,0,0,0,0,13,0,0,254,
2025-2-15 4:37:13,48,80,0,0,0,0,0,0,0,0,0,0,0,13,0,0,254,
2025-2-15 4:38:13,48,71,0,0,0,0,0,0,0,0,0,0,0,13,0,0,254,
2025-2-15 4:39:13,47,83,0,0,0,0,0,0,0,0,0,0,0,13,0,0,254,
2025-2-15 4:40:13,47,75,0,0,0,0,0,0,0,0,0,0,0,13,0,0,254,
2025-2-15 4:41:13,47,97,0,0,0,0,0,0,0,0,0,0,0,13,0,0,254,
2025-2-15 4:42:13,46,78,0,0,0,0,0,0,0,0,0,0,0,13,0,0,254,
2025-2-15 4:43:13,46,102,0,0,0,0,0,0,0,0,0,0,0,13,0,0,254,
2025-2-15 4:44:13,46,80,0,0,0,0,0,0,0,0,0,0,0,13,0,0,254,
2025-2-15 4:45:13,45,104,0,0,0,0,0,0,0,0,0,0,0,13,0,0,254,
2025-2-15 4:46:13,45,80,0,0,0,0,0,0,0,0,0,0,0,13,0,0,254,
2025-2-15 4:47:13,45,85,0,0,0,0,0,0,0,0,0,0,0,13,0,0,254,
2025-2-15 4:48:13,45,81,0,0,0,0,0,0,0,0,0,0,0,13,0,0,254,
2025-2-15 4:49:13,44,58,0,0,0,0,0,0,0,0,0,0,0,13,0,0,254,
2025-2-15 4:50:13,44,80,0,0,0,0,0,0,0,0,0,0,0,13,0,0,254,
2025-2-15 4:51:13,44,74,0,0,0,0,0,0,0,0,0,0,0,13,0,0,254,
2025-2-15 4:52:13,44,83,0,0,0,0,0,0,0,0,0,0,0,13,0,0,254,
2025-2-15 4:53:13,43,73,0,0,0,0,0,0,0,0,0,0,0,13,0,0,254,
2025-2-15 4:54:13,43,97,0,0,0,0,0,0,0,0,0,0,0,13,0,0,254,
2025-2-15 4:55:13,43,78,0,0,0,0,0,0,0,0,0,0,0,13,0,0,254,
2025-2-15 4:56:13,43,101,0,0,0,0,0,0,0,0,0,0,0,13,0,0,254,
2025-2-15 4:57:13,42,79,0,0,0,0,0,0,0,0,0,0,0,13,0,0,254,
2025-2-15 4:58:13,42,103,0,0,0,0,0,0,0,0,0,0,0,13,0,0,254,
2025-2-15 4:59:13,42,79,0,0,0,0,0,0,0,0,0,0,0,13,0,0,254,
2025-2-15 5:0:13,42,72,0,0,0,0,0,0,0,0,0,0,0,13,0,0,254,
2025-2-15 5:1:13,42,80,0,0,0,0,0,0,0,0,0,0,0,13,0,0,254,
2025-2-15 5:2:13,41,57,0,0,0,0,0,0,0,0,0,0,0,13,0,0,254,
2025-2-15 5:3:13,41,79,0,0,0,0,0,0,0,0,0,0,0,13,0,0,254,
2025-2-15 5:4:13,41,68,0,0,0,0,0,0,0,0,0,0,0,13,0,0,254,
2025-2-15 5:5:13,41,84,0,0,0,0,0,0,0,0,0,0,0,13,0,0,254,
2025-2-15 5:6:13,41,72,0,0,0,0,0,0,0,0,0,0,0,13,0,0,254,
2025-2-15 5:7:13,40,97,0,0,0,0,0,0,0,0,0,0,0,13,0,0,254,
2025-2-15 5:8:13,40,77,0,0,0,0,0,0,0,0,0,0,0,13,0,0,254,
2025-2-15 5:9:13,40,101,0,0,0,0,0,0,0,0,0,0,0,13,0,0,254,
2025-2-15 5:10:13,40,79,0,0,0,0,0,0,0,0,0,0,0,13,0,0,254,
2025-2-15 5:11:13,40,103,0,0,0,0,0,0,0,0,0,0,0,13,0,0,254,
2025-2-15 5:12:13,40,80,0,0,0,0,0,0,0,0,0,0,0,13,0,0,254,
2025-2-15 5:13:13,40,73,0,0,0,0,0,0,0,0,0,0,0,13,0,0,254,
2025-2-15 5:14:13,40,80,0,0,0,0,0,0,0,0,0,0,0,13,0,0,254,
2025-2-15 5:15:13,40,57,0,0,0,0,0,0,0,0,0,0,0,13,0,0,254,
2025-2-15 5:16:13,40,79,0,0,0,0,0,0,0,0,0,0,0,13,0,0,254,
2025-2-15 5:17:13,40,71,0,0,0,0,0,0,0,0,0,0,0,13,0,0,254,
2025-2-15 5:18:13,40,85,0,0,0,0,0,0,0,0,0,0,0,13,0,0,254,
2025-2-15 5:19:13,40,74,0,0,0,0,0,0,0,0,0,0,0,13,0,0,254,
2025-2-15 5:20:13,40,97,0,0,0,0,0,0,0,0,0,0,0,13,0,0,254,
2025-2-15 5:21:13,40,77,0,0,0,0,0,0,0,0,0,0,0,13,0,0,254,
2025-2-15 5:22:13,40,101,0,0,0,0,0,0,0,0,0,0,0,13,0,0,254,
2025-2-15 5:23:13,40,79,0,0,0,0,0,0,0,0,0,0,0,13,0,0,254,
2025-2-15 5:24:13,40,103,0,0,0,0,0,0,0,0,0,0,0,13,0,0,254,
2025-2-15 5:25:13,40,80,0,0,0,0,0,0,0,0,0,0,0,13,0,0,254,
2025-2-15 5:26:13,40,60,0,0,0,0,0,0,0,0,0,0,0,13,0,0,254,
2025-2-15 5:27:13,40,80,0,0,0,0,0,0,0,0,0,0,0,13,0,0,254,
2025-2-15 5:28:13,40,57,0,0,0,0,0,0,0,0,0,0,0,13,0,0,254,
2025-2-15 5:29:13,40,79,0,0,0,0,0,0,0,0,0,0,0,13,0,0,254,
2025-2-15 5:30:13,40,69,0,0,0,0,0,0,0,0,0,0,0,13,0,0,254,
2025-2-15 5:31:13,40,86,0,0,0,0,0,0,0,0,0,0,0,13,0,0,254,
2025-2-15 5:32:13,47,58,0,0,0,0,8,0,0,0,0,0,0,13,0,0,254,
2025-2-15 5:33:13,69,96,0,0,0,0,12,0,0,0,0,0,0,13,0,0,254,
2025-2-15 5:34:13,85,84,0,0,0,0,5,0,0,0,0,0,0,13,0,0,254,
2025-2-15 5:35:13,84,107,0,0,0,0,0,0,0,0,0,0,0,13,0,0,254,
2025-2-15 5:36:13,83,85,0,0,0,0,0,0,0,0,0,0,0,13,0,0,254,
2025-2-15 5:37:13,81,108,0,0,0,0,0,0,0,0,0,0,0,13,0,0,254,
2025-2-15 5:38:13,80,85,0,0,0,0,0,0,0,0,0,0,0,13,0,0,254,
2025-2-15 5:39:13,79,60,0,0,0,0,0,0,0,0,0,0,0,13,0,0,254,
2025-2-15 5:40:13,78,85,0,0,0,0,0,0,0,0,0,0,0,13,0,0,254,
2025-2-15 5:41:13,77,61,0,0,0,0,0,0,0,0,0,0,0,13,0,0,254,
2025-2-15 5:42:13,76,84,0,0,0,0,0,0,0,0,0,0,0,13,0,0,254,
2025-2-15 5:43:13,75,77,0,0,0,0,0,0,0,0,0,0,0,13,0,0,254,
2025-2-15 5:44:13,74,93,0,0,0,0,0,0,0,0,0,0,0,13,0,0,254,
2025-2-15 5:45:13,73,80,0,0,0,0,0,0,0,0,0,0,0,13,0,0,254,
2025-2-15 5:46:13,72,103,0,0,0,0,0,0,0,0,0,0,0,13,0,0,254,
2025-2-15 5:47:13,71,81,0,0,0,0,0,0,0,0,0,0,0,13,0,0,254,
2025-2-15 5:48:13,70,106,0,0,0,0,0,0,0,0,0,0,0,13,0,0,254,
2025-2-15 5:49:13,69,83,0,0,0,0,0,0,0,0,0,0,0,13,0,0,254,
2025-2-15 5:50:13,68,106,0,0,0,0,0,0,0,0,0,0,0,13,0,0,254,
2025-2-15 5:51:13,67,84,0,0,0,0,0,0,0,0,0,0,0,13,0,0,254,
2025-2-15 5:52:13,67,60,0,0,0,0,0,0,0,0,0,0,0,13,0,0,254,
2025-2-15 5:53:13,66,84,0,0,0,0,0,0,0,0,0,0,0,13,0,0,254,
2025-2-15 5:54:13,65,60,0,0,0,0,0,0,0,0,0,0,0,13,0,0,254,
2025-2-15 5:55:13,64,82,0,0,0,0,0,0,0,0,0,0,0,13,0,0,254,
2025-2-15 5:56:13,64,75,0,0,0,0,0,0,0,0,0,0,0,13,0,0,254,
2025-2-15 5:57:13,63,91,0,0,0,0,0,0,0,0,0,0,0,13,0,0,254,
2025-2-15 5:58:13,62,78,0,0,0,0,0,0,0,0,0,0,0,13,0,0,254,
2025-2-15 5:59:13,61,102,0,0,0,0,0,0,0,0,0,0,0,13,0,0,254,
2025-2-15 6:0:13,61,80,0,0,0,0,0,0,0,0,0,0,0,13,0,0,254,
2025-2-15 6:1:13,60,105,0,0,0,0,0,0,0,0,0,0,0,13,0,0,254,
2025-2-15 6:2:13,59,82,0,0,0,0,0,0,0,0,0,0,0,13,0,0,254,
2025-2-15 6:3:13,59,105,0,0,0,0,0,0,0,0,0,0,0,13,0,0,254,
2025-2-15 6:4:13,58,82,0,0,0,0,0,0,0,0,0,0,0,13,0,0,254,
2025-2-15 6:5:13,58,58,0,0,0,0,0,0,0,0,0,0,0,13,0,0,254,
2025-2-15 6:6:13,57,81,0,0,0,0,0,0,0,0,0,0,0,13,0,0,254,
2025-2-15 6:7:13,56,59,0,0,0,0,0,0,0,0,0,0,0,13,0,0,254,
2025-2-15 6:8:13,56,81,0,0,0,0,0,0,0,0,0,0,0,13,0,0,254,
2025-2-15 6:9:13,55,73,0,0,0,0,0,0,0,0,0,0,0,13,0,0,254,
2025-2-15 6:10:13,55,91,0,0,0,0,0,0,0,0,0,0,0,13,0,0,254,
2025-2-15 6:11:13,54,78,0,0,0,0,0,0,0,0,0,0,0,13,0,0,254,
2025-2-15 6:12:13,54,101,0,0,0,0,0,0,0,0,0,0,0,13,0,0,254,
2025-2-15 6:13:13,53,80,0,0,0,0,0,0,0,0,0,0,0,13,0,0,254,
2025-2-15 6:14:13,53,104,0,0,0,0,0,0,0,0,0,0,0,13,0,0,254,
2025-2-15 6:15:13,52,81,0,0,0,0,0,0,0,0,0,0,0,13,0,0,254,
2025-2-15 6:16:13,52,103,0,0,0,0,0,0,0,0,0,0,0,13,0,0,254,
2025-2-15 6:17:13,51,81,0,0,0,0,0,0,0,0,0,0,0,13,0,0,254,
2025-2-15 6:18:13,51,55,0,0,0,0,0,0,0,0,0,0,0,13,0,0,254,
2025-2-15 6:19:13,51,80,0,0,0,0,0,0,0,0,0,0,0,13,0,0,254,
2025-2-15 6:20:13,50,58,0,0,0,0,0,0,0,0,0,0,0,13,0,0,254,
2025-2-15 6:21:13,50,81,0,0,0,0,0,0,0,0,0,0,0,13,0,0,254,
2025-2-15 6:22:13,49,72,0,0,0,0,0,0,0,0,0,0,0,13,0,0,254,
2025-2-15 6:23:13,49,92,0,0,0,0,0,0,0,0,0,0,0,13,0,0,254,
2025-2-15 6:24:13,49,76,0,0,0,0,0,0,0,0,0,0,0,13,0,0,254,
2025-2-15 6:25:13,48,100,0,0,0,0,0,0,0,0,0,0,0,13,0,0,254,
2025-2-15 6:26:13,48,79,0,0,0,0,0,0,0,0,0,0,0,13,0,0,254,
2025-2-15 6:27:13,48,104,0,0,0,0,0,0,0,0,0,0,0,13,0,0,254,
2025-2-15 6:28:13,47,81,0,0,0,0,0,0,0,0,0,0,0,13,0,0,254,
2025-2-15 6:29:13,47,102,0,0,0,0,0,0,0,0,0,0,0,13,0,0,254,
2025-2-15 6:30:13,47,80,0,0,0,0,0,0,0,0,0,0,0,13,0,0,254,
2025-2-15 6:31:13,46,53,0,0,0,0,0,0,0,0,0,0,0,13,0,0,254,
2025-2-15 6:32:13,46,80,0,0,0,0,0,0,0,0,0,0,0,13,0,0,254,
2025-2-15 6:33:13,46,58,0,0,0,0,0,0,0,0,0,0,0,13,0,0,254,
2025-2-15 6:34:13,45,81,0,0,0,0,0,0,0,0,0,0,0,13,0,0,254,
2025-2-15 6:35:13,45,73,0,0,0,0,0,0,0,0,0,0,0,13,0,0,254,
2025-2-15 6:36:13,45,93,0,0,0,0,0,0,0,0,0,0,0,13,0,0,254,
2025-2-15 6:37:13,45,76,0,0,0,0,0,0,0,0,0,0,0,13,0,0,254,
2025-2-15 6:38:13,44,100,0,0,0,0,0,0,0,0,0,0,0,13,0,0,254,
2025-2-15 6:39:13,44,79,0,0,0,0,0,0,0,0,0,0,0,13,0,0,254,
2025-2-15 6:40:13,44,103,0,0,0,0,0,0,0,0,0,0,0,13,0,0,254,
2025-2-15 6:41:13,44,80,0,0,0,0,0,0,0,0,0,0,0,13,0,0,254,
2025-2-15 6:42:13,43,101,0,0,0,0,0,0,0,0,0,0,0,13,0,0,254,
2025-2-15 6:43:13,43,80,0,0,0,0,0,0,0,0,0,0,0,13,0,0,254,
2025-2-15 6:44:13,43,53,0,0,0,0,0,0,0,0,0,0,0,13,0,0,254,
2025-2-15 6:45:13,43,79,0,0,0,0,0,0,0,0,0,0,0,13,0,0,254,
2025-2-15 6:46:13,42,60,0,0,0,0,0,0,0,0,0,0,0,13,0,0,254,
2025-2-15 6:47:13,42,80,0,0,0,0,0,0,0,0,0,0,0,13,0,0,254,
2025-2-15 6:48:13,42,71,0,0,0,0,0,0,0,0,0,0,0,13,0,0,254,
2025-2-15 6:49:13,42,93,0,0,0,0,0,0,0,0,0,0,0,13,0,0,254,
2025-2-15 6:50:13,42,75,0,0,0,0,0,0,0,0,0,0,0,13,0,0,254,
2025-2-15 6:51:13,41,100,0,0,0,0,0,0,0,0,0,0,0,13,0,0,254,
2025-2-15 6:52:13,41,79,0,0,0,0,0,0,0,0,0,0,0,13,0,0,254,
2025-2-15 6:53:13,41,103,0,0,0,0,0,0,0,0,0,0,0,13,0,0,254,
2025-2-15 6:54:13,41,79,0,0,0,0,0,0,0,0,0,0,0,13,0,0,254,
2025-2-15 6:55:13,41,100,0,0,0,0,0,0,0,0,0,0,0,13,0,0,254,
2025-2-15 6:56:13,41,80,0,0,0,0,0,0,0,0,0,0,0,13,0,0,254,
2025-2-15 6:57:13,40,53,0,0,0,0,0,0,0,0,0,0,0,13,0,0,254,
2025-2-15 6:58:13,40,79,0,0,0,0,0,0,0,0,0,0,0,13,0,0,254,
2025-2-15 6:59:13,40,62,0,0,0,0,0,0,0,0,0,0,0,13,0,0,254,
2025-2-15 7:0:13,40,80,0,0,0,0,0,0,0,0,0,0,0,13,0,0,254,
2025-2-15 7:1:13,40,72,0,0,0,0,0,0,0,0,0,0,0,13,0,0,254,
2025-2-15 7:2:13,40,93,0,0,0,0,0,0,0,0,0,0,0,13,0,0,254,
2025-2-15 7:3:13,40,76,0,0,0,0,0,0,0,0,0,0,0,13,0,0,254,
2025-2-15 7:4:13,40,101,0,0,0,0,0,0,0,0,0,0,0,13,0,0,254,
2025-2-15 7:5:13,40,79,0,0,0,0,0,0,0,0,0,0,0,13,0,0,254,
2025-2-15 7:6:13,40,102,0,0,0,0,0,0,0,0,0,0,0,13,0,0,254,
2025-2-15 7:7:13,40,79,0,0,0,0,0,0,0,0,0,0,0,13,0,0,254,
2025-2-15 7:8:13,40,99,0,0,0,0,0,0,0,0,0,0,0,13,0,0,254,
2025-2-15 7:9:13,40,80,0,0,0,0,0,0,0,0,0,0,0,13,0,0,254,
2025-2-15 7:10:13,40,53,0,0,0,0,0,0,0,0,0,0,0,13,0,0,254,
2025-2-15 7:11:13,40,79,0,0,0,0,0,0,0,0,0,0,0,13,0,0,254,
2025-2-15 7:12:13,42,65,0,0,0,0,5,0,0,0,0,0,0,13,0,0,254,
2025-2-15 7:13:13,42,80,0,0,0,0,0,0,0,0,0,0,0,13,0,0,254,
2025-2-15 7:14:13,42,73,0,0,0,0,0,0,0,0,0,0,0,13,0,0,254,
2025-2-15 7:15:13,42,95,0,0,0,0,0,0,0,0,0,0,0,13,0,0,254,
2025-2-15 7:16:13,41,76,0,0,0,0,0,0,0,0,0,0,0,13,0,0,254,
2025-2-15 7:17:13,41,101,0,0,0,0,0,0,0,0,0,0,0,13,0,0,254,
2025-2-15 7:18:13,41,79,0,0,0,0,0,0,0,0,0,0,0,13,0,0,254,
2025-2-15 7:19:13,41,103,0,0,0,0,0,0,0,0,0,0,0,13,0,0,254,
2025-2-15 7:20:13,41,79,0,0,0,0,0,0,0,0,0,0,0,13,0,0,254,
2025-2-15 7:21:13,40,97,0,0,0,0,0,0,0,0,0,0,0,13,0,0,254,
2025-2-15 7:22:13,40,80,0,0,0,0,0,0,0,0,0,0,0,13,0,0,254,
2025-2-15 7:23:13,40,53,0,0,0,0,0,0,0,0,0,0,0,13,0,0,254,
2025-2-15 7:24:13,40,79,0,0,0,0,0,0,0,0,0,0,0,13,0,0,254,
2025-2-15 7:25:13,40,67,0,0,0,0,0,0,0,0,0,0,0,13,0,0,254,
2025-2-15 7:26:13,40,81,0,0,0,0,0,0,0,0,0,0,0,13,0,0,254,
2025-2-15 7:27:13,40,73,0,0,0,0,0,0,0,0,0,0,0,13,0,0,254,
2025-2-15 7:28:13,40,94,0,0,0,0,0,0,0,0,0,0,0,13,0,0,254,
2025-2-15 7:29:13,40,77,0,0,0,0,0,0,0,0,0,0,0,13,0,0,254,
2025-2-15 7:30:13,40,101,0,0,0,0,0,0,0,0,0,0,0,13,0,0,254,
2025-2-15 7:31:13,40,79,0,0,0,0,0,0,0,0,0,0,0,13,0,0,254,
2025-2-15 7:32:13,40,103,0,0,0,0,0,0,0,0,0,0,0,13,0,0,254,
2025-2-15 7:33:13,40,79,0,0,0,0,0,0,0,0,0,0,0,13,0,0,254,
2025-2-15 7:34:13,40,93,0,0,0,0,0,0,0,0,0,0,0,13,0,0,254,
2025-2-15 7:35:13,40,80,0,0,0,0,0,0,0,0,0,0,0,13,0,0,254,
2025-2-15 7:36:13,40,54,0,0,0,0,0,0,0,0,0,0,0,13,0,0,254,
2025-2-15 7:37:13,40,79,0,0,0,0,0,0,0,0,0,0,0,13,0,0,254,
2025-2-15 7:38:13,40,65,0,0,0,0,0,0,0,0,0,0,0,13,0,0,254,
2025-2-15 7:39:13,40,81,0,0,0,0,0,0,0,0,0,0,0,13,0,0,254,
2025-2-15 7:40:13,40,74,0,0,0,0,0,0,0,0,0,0,0,13,0,0,254,
2025-2-15 7:41:13,40,95,0,0,0,0,0,0,0,0,0,0,0,13,0,0,254,
2025-2-15 7:42:13,40,77,0,0,0,0,0,0,0,0,0,0,0,13,0,0,254,
2025-2-15 7:43:13,40,102,0,0,0,0,0,0,0,0,0,0,0,13,0,0,254,
2025-2-15 7:44:13,40,79,0,0,0,0,0,0,0,0,0,0,0,13,0,0,254,
2025-2-15 7:45:13,40,104,0,0,0,0,0,0,0,0,0,0,0,13,0,0,254,
2025-2-15 7:46:13,40,79,0,0,0,0,0,0,0,0,0,0,0,13,0,0,254,
2025-2-15 7:47:13,40,91,0,0,0,0,0,0,0,0,0,0,0,13,0,0,254,
2025-2-15 7:48:13,40,80,0,0,0,0,0,0,0,0,0,0,0,13,0,0,254,
2025-2-15 7:49:13,40,56,0,0,0,0,0,0,0,0,0,0,0,13,0,0,254,
2025-2-15 7:50:13,40,79,0,0,0,0,0,0,0,0,0,0,0,13,0,0,254,
2025-2-15 7:51:13,40,66,0,0,0,0,0,0,0,0,0,0,0,13,0,0,254,
2025-2-15 7:52:13,40,81,0,0,0,0,0,0,0,0,0,0,0,13,0,0,254,
2025-2-15 7:53:13,40,73,0,0,0,0,0,0,0,0,0,0,0,13,0,0,254,
2025-2-15 7:54:13,40,96,0,0,0,0,0,0,0,0,0,0,0,13,0,0,254,
2025-2-15 7:55:13,40,77,0,0,0,0,0,0,0,0,0,0,0,13,0,0,254,
2025-2-15 7:56:13,40,101,0,0,0,0,0,0,0,0,0,0,0,13,0,0,254,
2025-2-15 7:57:13,40,79,0,0,0,0,0,0,0,0,0,0,0,13,0,0,254,
2025-2-15 7:58:13,40,103,0,0,0,0,0,0,0,0,0,0,0,13,0,0,254,
2025-2-15 7:59:13,40,79,0,0,0,0,0,0,0,0,0,0,0,13,0,0,254,
2025-2-15 8:0:13,40,88,0,0,0,0,0,0,0,0,0,0,0,13,0,0,254,
2025-2-15 8:1:13,40,80,0,0,0,0,0,0,0,0,0,0,0,13,0,0,254,
2025-2-15 8:2:13,40,57,0,0,0,0,0,0,0,0,0,0,0,13,0,0,254,
2025-2-15 8:3:13,40,79,0,0,0,0,0,0,0,0,0,0,0,13,0,0,254,
2025-2-15 8:4:13,40,69,0,0,0,0,0,0,0,0,0,0,0,13,0,0,254,
2025-2-15 8:5:13,40,82,0,0,0,0,0,0,0,0,0,0,0,13,0,0,254,
2025-2-15 8:6:13,40,72,0,0,0,0,0,0,0,0,0,0,0,13,0,0,254,
2025-2-15 8:7:13,40,96,0,0,0,0,0,0,0,0,0,0,0,13,0,0,254,
2025-2-15 8:8:13,40,77,0,0,0,0,0,0,0,0,0,0,0,13,0,0,254,
2025-2-15 8:9:13,40,101,0,0,0,0,0,0,0,0,0,0,0,13,0,0,254,
2025-2-15 8:10:13,40,79,0,0,0,0,0,0,0,0,0,0,0,13,0,0,254,
2025-2-15 8:11:13,40,103,0,0,0,0,0,0,0,0,0,0,0,13,0,0,254,
2025-2-15 8:12:13,40,79,0,0,0,0,0,0,0,0,0,0,0,13,0,0,254,
2025-2-15 8:13:13,40,80,0,0,0,0,0,0,0,0,0,0,0,13,0,0,254,
2025-2-15 8:14:13,40,79,0,0,0,0,0,0,0,0,0,0,0,13,0,0,254,
2025-2-15 8:15:13,40,57,0,0,0,0,0,0,0,0,0,0,0,13,0,0,254,
2025-2-15 8:16:13,40,79,0,0,0,0,0,0,0,0,0,0,0,13,0,0,254,
2025-2-15 8:17:13,40,72,0,0,0,0,0,0,0,0,0,0,0,13,0,0,254,
2025-2-15 8:18:13,40,83,0,0,0,0,0,0,0,0,0,0,0,13,0,0,254,
2025-2-15 8:19:13,40,72,0,0,0,0,0,0,0,0,0,0,0,13,0,0,254,
2025-2-15 8:20:13,40,96,0,0,0,0,0,0,0,0,0,0,0,13,0,0,254,
2025-2-15 8:21:13,40,77,0,0,0,0,0,0,0,0,0,0,0,13,0,0,254,
2025-2-15 8:22:13,40,101,0,0,0,0,0,0,0,0,0,0,0,13,0,0,254,
2025-2-15 8:23:13,40,79,0,0,0,0,0,0,0,0,0,0,0,13,0,0,254,
2025-2-15 8:24:13,40,103,0,0,0,0,0,0,0,0,0,0,0,13,0,0,254,
2025-2-15 8:25:13,40,79,0,0,0,0,0,0,0,0,0,0,0,13,0,0,254,
2025-2-15 8:26:13,40,75,0,0,0,0,0,0,0,0,0,0,0,13,0,0,254,
2025-2-15 8:27:13,40,80,0,0,0,0,0,0,0,0,0,0,0,13,0,0,254,
2025-2-15 8:28:13,40,56,0,0,0,0,0,0,0,0,0,0,0,13,0,0,254,
2025-2-15 8:29:13,40,79,0,0,0,0,0,0,0,0,0,0,0,13,0,0,254,
2025-2-15 8:30:13,40,68,0,0,0,0,0,0,0,0,0,0,0,13,0,0,254,
2025-2-15 8:31:13,40,84,0,0,0,0,0,0,0,0,0,0,0,13,0,0,254,
2025-2-15 8:32:13,40,73,0,0,0,0,0,0,0,0,0,0,0,13,0,0,254,
2025-2-15 8:33:13,40,97,0,0,0,0,0,0,0,0,0,0,0,13,0,0,254,
2025-2-15 8:34:13,40,76,0,0,0,0,0,0,0,0,0,0,0,13,0,0,254,
2025-2-15 8:35:13,40,101,0,0,0,0,0,0,0,0,0,0,0,13,0,0,254,
2025-2-15 8:36:13,40,79,0,0,0,0,0,0,0,0,0,0,0,13,0,0,254,
2025-2-15 8:37:13,40,102,0,0,0,0,0,0,0,0,0,0,0,13,0,0,254,
2025-2-15 8:38:13,40,79,0,0,0,0,0,0,0,0,0,0,0,13,0,0,254,
2025-2-15 8:39:13,40,66,0,0,0,0,0,0,0,0,0,0,0,13,0,0,254,
2025-2-15 8:40:13,40,80,0,0,0,0,0,0,0,0,0,0,0,13,0,0,254,
2025-2-15 8:41:13,40,57,0,0,0,0,0,0,0,0,0,0,0,13,0,0,254,
2025-2-15 8:42:13,40,79,0,0,0,0,0,0,0,0,0,0,0,13,0,0,254,
2025-2-15 8:43:13,40,67,0,0,0,0,0,0,0,0,0,0,0,13,0,0,254,
2025-2-15 8:44:13,40,84,0,0,0,0,0,0,0,0,0,0,0,13,0,0,254,
2025-2-15 8:45:13,40,73,0,0,0,0,0,0,0,0,0,0,0,13,0,0,254,
2025-2-15 8:46:13,40,97,0,0,0,0,0,0,0,0,0,0,0,13,0,0,254,
2025-2-15 8:47:13,40,77,0,0,0,0,0,0,0,0,0,0,0,13,0,0,254,
2025-2-15 8:48:13,40,101,0,0,0,0,0,0,0,0,0,0,0,13,0,0,254,
2025-2-15 8:49:13,40,79,0,0,0,0,0,0,0,0,0,0,0,13,0,0,254,
2025-2-15 8:50:13,40,103,0,0,0,0,0,0,0,0,0,0,0,13,0,0,254,
2025-2-15 8:51:13,41,79,0,0,0,0,3,0,0,0,0,0,0,13,0,0,254,
2025-2-15 8:52:13,45,61,0,0,0,0,2,0,0,0,0,0,0,13,0,0,254,
2025-2-15 8:53:13,45,80,0,0,0,0,0,0,0,0,0,0,0,13,0,0,254,
2025-2-15 8:54:13,45,58,0,0,0,0,0,0,0,0,0,0,0,13,0,0,254,
2025-2-15 8:55:13,45,80,0,0,0,0,0,0,0,0,0,0,0,13,0,0,254,
2025-2-15 8:56:13,44,73,0,0,0,0,0,0,0,0,0,0,0,13,0,0,254,
2025-2-15 8:57:13,44,87,0,0,0,0,0,0,0,0,0,0,0,13,0,0,254,
2025-2-15 8:58:13,44,75,0,0,0,0,0,0,0,0,0,0,0,13,0,0,254,
2025-2-15 8:59:13,44,99,0,0,0,0,0,0,0,0,0,0,0,13,0,0,254,
2025-2-15 9:0:13,43,78,0,0,0,0,0,0,0,0,0,0,0,13,0,0,254,
2025-2-15 9:1:13,43,102,0,0,0,0,0,0,0,0,0,0,0,13,0,0,254,
2025-2-15 9:2:13,43,79,0,0,0,0,0,0,0,0,0,0,0,13,0,0,254,
2025-2-15 9:3:13,43,103,0,0,0,0,0,0,0,0,0,0,0,13,0,0,254,
2025-2-15 9:4:13,42,81,0,0,0,0,0,0,0,0,0,0,0,13,0,0,254,
2025-2-15 9:5:13,42,58,0,0,0,0,0,0,0,0,0,0,0,13,0,0,254,
2025-2-15 9:6:13,42,80,0,0,0,0,0,0,0,0,0,0,0,13,0,0,254,
2025-2-15 9:7:13,42,57,0,0,0,0,0,0,0,0,0,0,0,13,0,0,254,
2025-2-15 9:8:13,42,79,0,0,0,0,0,0,0,0,0,0,0,13,0,0,254,
2025-2-15 9:9:13,41,72,0,0,0,0,0,0,0,0,0,0,0,13,0,0,254,
2025-2-15 9:10:13,41,88,0,0,0,0,0,0,0,0,0,0,0,13,0,0,254,
2025-2-15 9:11:13,41,75,0,0,0,0,0,0,0,0,0,0,0,13,0,0,254,
2025-2-15 9:12:13,41,99,0,0,0,0,0,0,0,0,0,0,0,13,0,0,254,
2025-2-15 9:13:13,41,77,0,0,0,0,0,0,0,0,0,0,0,13,0,0,254,
2025-2-15 9:14:13,40,102,0,0,0,0,0,0,0,0,0,0,0,13,0,0,254,
2025-2-15 9:15:13,40,79,0,0,0,0,0,0,0,0,0,0,0,13,0,0,254,
2025-2-15 9:16:13,40,102,0,0,0,0,0,0,0,0,0,0,0,13,0,0,254,
2025-2-15 9:17:13,40,80,0,0,0,0,0,0,0,0,0,0,0,13,0,0,254,
2025-2-15 9:18:13,40,59,0,0,0,0,0,0,0,0,0,0,0,13,0,0,254,
2025-2-15 9:19:13,40,80,0,0,0,0,0,0,0,0,0,0,0,13,0,0,254,
2025-2-15 9:20:13,40,57,0,0,0,0,0,0,0,0,0,0,0,13,0,0,254,
2025-2-15 9:21:13,40,79,0,0,0,0,0,0,0,0,0,0,0,13,0,0,254,
2025-2-15 9:22:13,40,71,0,0,0,0,0,0,0,0,0,0,0,13,0,0,254,
2025-2-15 9:23:13,40,88,0,0,0,0,0,0,0,0,0,0,0,13,0,0,254,
2025-2-15 9:24:13,40,75,0,0,0,0,0,0,0,0,0,0,0,13,0,0,254,
2025-2-15 9:25:13,40,99,0,0,0,0,0,0,0,0,0,0,0,13,0,0,254,
2025-2-15 9:26:13,40,77,0,0,0,0,0,0,0,0,0,0,0,13,0,0,254,
2025-2-15 9:27:13,40,101,0,0,0,0,0,0,0,0,0,0,0,13,0,0,254,
2025-2-15 9:28:13,40,79,0,0,0,0,0,0,0,0,0,0,0,13,0,0,254,
2025-2-15 9:29:13,40,102,0,0,0,0,0,0,0,0,0,0,0,13,0,0,254,
2025-2-15 9:30:13,40,80,0,0,0,0,0,0,0,0,0,0,0,13,0,0,254,
2025-2-15 9:31:13,40,56,0,0,0,0,0,0,0,0,0,0,0,13,0,0,254,
2025-2-15 9:32:13,40,78,0,0,0,0,0,0,0,0,0,0,0,13,0,0,254,
2025-2-15 9:33:13,40,57,0,0,0,0,0,0,0,0,0,0,0,13,0,0,254,
2025-2-15 9:34:13,40,79,0,0,0,0,0,0,0,0,0,0,0,13,0,0,254,
2025-2-15 9:35:13,40,68,0,0,0,0,0,0,0,0,0,0,0,13,0,0,254,
2025-2-15 9:36:13,40,89,0,0,0,0,0,0,0,0,0,0,0,13,0,0,254,
2025-2-15 9:37:13,40,75,0,0,0,0,0,0,0,0,0,0,0,13,0,0,254,
2025-2-15 9:38:13,40,99,0,0,0,0,0,0,0,0,0,0,0,13,0,0,254,
2025-2-15 9:39:13,40,77,0,0,0,0,0,0,0,0,0,0,0,13,0,0,254,
2025-2-15 9:40:13,40,102,0,0,0,0,0,0,0,0,0,0,0,13,0,0,254,
2025-2-15 9:41:13,40,78,0,0,0,0,0,0,0,0,0,0,0,13,0,0,254,
2025-2-15 9:42:13,40,101,0,0,0,0,0,0,0,0,0,0,0,13,0,0,254,
2025-2-15 9:43:13,40,79,0,0,0,0,0,0,0,0,0,0,0,13,0,0,254,
2025-2-15 9:44:13,40,53,0,0,0,0,0,0,0,0,0,0,0,13,0,0,254,
2025-2-15 9:45:13,40,79,0,0,0,0,0,0,0,0,0,0,0,13,0,0,254,
2025-2-15 9:46:13,40,57,0,0,0,0,0,0,0,0,0,0,0,13,0,0,254,
2025-2-15 9:47:13,40,79,0,0,0,0,0,0,0,0,0,0,0,13,0,0,254,
2025-2-15 9:48:13,40,70,0,0,0,0,0,0,0,0,0,0,0,13,0,0,254,
2025-2-15 9:49:13,40,91,0,0,0,0,0,0,0,0,0,0,0,13,0,0,254,
2025-2-15 9:50:13,40,75,0,0,0,0,0,0,0,0,0,0,0,13,0,0,254,
2025-2-15 9:51:13,40,99,0,0,0,0,0,0,0,0,0,0,0,13,0,0,254,
2025-2-15 9:52:13,40,78,0,0,0,0,0,0,0,0,0,0,0,13,0,0,254,
2025-2-15 9:53:13,40,102,0,0,0,0,0,0,0,0,0,0,0,13,0,0,254,
2025-2-15 9:54:13,40,79,0,0,0,0,0,0,0,0,0,0,0,13,0,0,254,
2025-2-15 9:55:13,40,101,0,0,0,0,0,0,0,0,0,0,0,13,0,0,254,
2025-2-15 9:56:13,40,78,0,0,0,0,0,0,0,0,0,0,0,13,0,0,254,
2025-2-15 9:57:13,40,52,0,0,0,0,0,0,0,0,0,0,0,13,0,0,254,
2025-2-15 9:58:13,40,79,0,0,0,0,0,0,0,0,0,0,0,13,0,0,254,
2025-2-15 9:59:13,40,57,0,0,0,0,0,0,0,0,0,0,0,13,0,0,254,
2025-2-15 10:0:13,40,79,0,0,0,0,0,0,0,0,0,0,0,13,0,0,254,
2025-2-15 10:1:13,40,71,0,0,0,0,0,0,0,0,0,0,0,13,0,0,254,
2025-2-15 10:2:13,40,91,0,0,0,0,0,0,0,0,0,0,0,13,0,0,254,
2025-2-15 10:3:13,40,75,0,0,0,0,0,0,0,0,0,0,0,13,0,0,254,
2025-2-15 10:4:13,40,99,0,0,0,0,0,0,0,0,0,0,0,13,0,0,254,
2025-2-15 10:5:13,40,79,0,0,0,0,0,0,0,0,0,0,0,13,0,0,254,
2025-2-15 10:6:13,40,102,0,0,0,0,0,0,0,0,0,0,0,13,0,0,254,
2025-2-15 10:7:13,40,79,0,0,0,0,0,0,0,0,0,0,0,13,0,0,254,
2025-2-15 10:8:13,40,100,0,0,0,0,0,0,0,0,0,0,0,13,0,0,254,
2025-2-15 10:9:13,40,79,0,0,0,0,0,0,0,0,0,0,0,13,0,0,254,
2025-2-15 10:10:13,40,53,0,0,0,0,0,0,0,0,0,0,0,13,0,0,254,
2025-2-15 10:11:13,40,79,0,0,0,0,0,0,0,0,0,0,0,13,0,0,254,
2025-2-15 10:12:13,40,60,0,0,0,0,0,0,0,0,0,0,0,13,0,0,254,
2025-2-15 10:13:13,40,79,0,0,0,0,0,0,0,0,0,0,0,13,0,0,254,
2025-2-15 10:14:13,40,72,0,0,0,0,0,0,0,0,0,0,0,13,0,0,254,
2025-2-15 10:15:13,40,92,0,0,0,0,0,0,0,0,0,0,0,13,0,0,254,
2025-2-15 10:16:13,40,75,0,0,0,0,0,0,0,0,0,0,0,13,0,0,254,
2025-2-15 10:17:13,40,100,0,0,0,0,0,0,0,0,0,0,0,13,0,0,254,
2025-2-15 10:18:13,40,79,0,0,0,0,0,0,0,0,0,0,0,13,0,0,254,
2025-2-15 10:19:13,40,103,0,0,0,0,0,0,0,0,0,0,0,13,0,0,254,
2025-2-15 10:20:13,40,79,0,0,0,0,0,0,0,0,0,0,0,13,0,0,254,
2025-2-15 10:21:13,40,100,0,0,0,0,0,0,0,0,0,0,0,13,0,0,254,
2025-2-15 10:22:13,40,79,0,0,0,0,0,0,0,0,0,0,0,13,0,0,254,
2025-2-15 10:23:13,40,53,0,0,0,0,0,0,0,0,0,0,0,13,0,0,254,
2025-2-15 10:24:13,40,79,0,0,0,0,0,0,0,0,0,0,0,13,0,0,254,
2025-2-15 10:25:13,40,62,0,0,0,0,0,0,0,0,0,0,0,13,0,0,254,
2025-2-15 10:26:13,40,80,0,0,0,0,0,0,0,0,0,0,0,13,0,0,254,
2025-2-15 10:27:13,40,71,0,0,0,0,0,0,0,0,0,0,0,13,0,0,254,
2025-2-15 10:28:13,40,93,0,0,0,0,0,0,0,0,0,0,0,13,0,0,254,
2025-2-15 10:29:13,40,75,0,0,0,0,0,0,0,0,0,0,0,13,0,0,254,
2025-2-15 10:30:13,40,100,0,0,0,0,0,0,0,0,0,0,0,13,0,0,254,
2025-2-15 10:31:13,43,74,0,0,0,0,7,0,0,0,0,0,0,13,0,0,254,
2025-2-15 10:32:13,63,103,0,0,0,0,12,0,0,0,0,0,0,13,0,0,254,
2025-2-15 10:33:13,87,82,0,0,0,0,13,0,0,0,0,0,0,13,0,0,254,
2025-2-15 10:34:13,107,108,0,0,0,0,12,0,0,0,0,0,0,13,0,0,254,
2025-2-15 10:35:13,115,87,0,0,0,0,13,0,0,0,0,0,0,13,0,0,254,
2025-2-15 10:36:13,118,109,0,0,0,0,12,0,0,0,0,0,0,13,0,0,254,
2025-2-15 10:37:13,119,89,0,0,0,0,13,0,0,0,0,0,0,13,0,0,254,
2025-2-15 10:38:13,119,94,0,0,0,0,12,0,0,0,0,0,0,13,0,0,254,
2025-2-15 10:39:13,119,89,0,0,0,0,13,0,0,0,0,0,0,13,0,0,254,
2025-2-15 10:40:13,119,63,0,0,0,0,13,0,0,0,0,0,0,13,0,0,254,
2025-2-15 10:41:13,119,89,0,0,0,0,12,0,0,0,0,0,0,13,0,0,254,
2025-2-15 10:42:13,119,65,0,0,0,0,13,0,0,0,0,0,0,13,0,0,254,
2025-2-15 10:43:13,119,104,0,0,0,0,12,0,0,0,0,0,0,13,0,0,254,
2025-2-15 10:44:13,119,83,0,0,0,0,13,0,0,0,0,0,0,13,0,0,254,
2025-2-15 10:45:13,119,109,0,0,0,0,12,0,0,0,0,0,0,13,0,0,254,
2025-2-15 10:46:13,119,84,0,0,0,0,13,0,0,0,0,0,0,13,0,0,254,
2025-2-15 10:47:13,119,108,0,0,0,0,12,0,0,0,0,0,0,13,0,0,254,
2025-2-15 10:48:13,119,87,0,0,0,0,13,0,0,0,0,0,0,13,0,0,254,
2025-2-15 10:49:13,119,108,0,0,0,0,12,0,0,0,0,0,0,13,0,0,254,
2025-2-15 10:50:13,119,88,0,0,0,0,13,0,0,0,0,0,0,13,0,0,254,
2025-2-15 10:51:13,119,78,0,0,0,0,5,0,0,0,0,0,0,13,0,0,254,
2025-2-15 10:52:13,117,90,0,0,0,0,0,0,0,0,0,0,0,13,0,0,254,
2025-2-15 10:53:13,115,83,0,0,0,0,0,0,0,0,0,0,0,13,0,0,254,
2025-2-15 10:54:13,113,104,0,0,0,0,0,0,0,0,0,0,0,13,0,0,254,
2025-2-15 10:55:13,111,86,0,0,0,0,0,0,0,0,0,0,0,13,0,0,254,
2025-2-15 10:56:13,109,110,0,0,0,0,0,0,0,0,0,0,0,13,0,0,254,
2025-2-15 10:57:13,107,87,0,0,0,0,0,0,0,0,0,0,0,13,0,0,254,
2025-2-15 10:58:13,106,111,0,0,0,0,0,0,0,0,0,0,0,13,0,0,254,
2025-2-15 10:59:13,104,87,0,0,0,0,0,0,0,0,0,0,0,13,0,0,254,
2025-2-15 11:0:13,102,100,0,0,0,0,0,0,0,0,0,0,0,13,0,0,254,
2025-2-15 11:1:13,101,88,0,0,0,0,0,0,0,0,0,0,0,13,0,0,254,
2025-2-15 11:2:13,99,62,0,0,0,0,0,0,0,0,0,0,0,13,0,0,254,
2025-2-15 11:3:13,97,86,0,0,0,0,0,0,0,0,0,0,0,13,0,0,254,
2025-2-15 11:4:13,96,75,0,0,0,0,0,0,0,0,0,0,0,13,0,0,254,
2025-2-15 11:5:13,94,88,0,0,0,0,0,0,0,0,0,0,0,13,0,0,254,
2025-2-15 11:6:13,93,80,0,0,0,0,0,0,0,0,0,0,0,13,0,0,254,
2025-2-15 11:7:13,91,102,0,0,0,0,0,0,0,0,0,0,0,13,0,0,254,
2025-2-15 11:8:13,90,84,0,0,0,0,0,0,0,0,0,0,0,13,0,0,254,
2025-2-15 11:9:13,89,107,0,0,0,0,0,0,0,0,0,0,0,13,0,0,254,
2025-2-15 11:10:13,87,86,0,0,0,0,0,0,0,0,0,0,0,13,0,0,254,
2025-2-15 11:11:13,86,110,0,0,0,0,0,0,0,0,0,0,0,13,0,0,254,
2025-2-15 11:12:13,85,84,0,0,0,0,0,0,0,0,0,0,0,13,0,0,254,
2025-2-15 11:13:13,83,95,0,0,0,0,0,0,0,0,0,0,0,13,0,0,254,
2025-2-15 11:14:13,82,85,0,0,0,0,0,0,0,0,0,0,0,13,0,0,254,
2025-2-15 11:15:13,81,61,0,0,0,0,0,0,0,0,0,0,0,13,0,0,254,
2025-2-15 11:16:13,80,84,0,0,0,0,0,0,0,0,0,0,0,13,0,0,254,
2025-2-15 11:17:13,79,70,0,0,0,0,0,0,0,0,0,0,0,13,0,0,254,
2025-2-15 11:18:13,78,87,0,0,0,0,0,0,0,0,0,0,0,13,0,0,254,
2025-2-15 11:19:13,76,79,0,0,0,0,0,0,0,0,0,0,0,13,0,0,254,
2025-2-15 11:20:13,75,100,0,0,0,0,0,0,0,0,0,0,0,13,0,0,254,
2025-2-15 11:21:13,74,82,0,0,0,0,0,0,0,0,0,0,0,13,0,0,254,
2025-2-15 11:22:13,73,106,0,0,0,0,0,0,0,0,0,0,0,13,0,0,254,
2025-2-15 11:23:13,72,84,0,0,0,0,0,0,0,0,0,0,0,13,0,0,254,
2025-2-15 11:24:13,72,107,0,0,0,0,0,0,0,0,0,0,0,13,0,0,254,
2025-2-15 11:25:13,71,83,0,0,0,0,0,0,0,0,0,0,0,13,0,0,254,
2025-2-15 11:26:13,70,91,0,0,0,0,0,0,0,0,0,0,0,13,0,0,254,
2025-2-15 11:27:13,69,84,0,0,0,0,0,0,0,0,0,0,0,13,0,0,254,
2025-2-15 11:28:13,68,60,0,0,0,0,0,0,0,0,0,0,0,13,0,0,254,
2025-2-15 11:29:13,67,83,0,0,0,0,0,0,0,0,0,0,0,13,0,0,254,
2025-2-15 11:30:13,66,71,0,0,0,0,0,0,0,0,0,0,0,13,0,0,254,
2025-2-15 11:31:13,65,86,0,0,0,0,0,0,0,0,0,0,0,13,0,0,254,
2025-2-15 11:32:13,65,77,0,0,0,0,0,0,0,0,0,0,0,13,0,0,254,
2025-2-15 11:33:13,64,99,0,0,0,0,0,0,0,0,0,0,0,13,0,0,254,
2025-2-15 11:34:13,63,80,0,0,0,0,0,0,0,0,0,0,0,13,0,0,254,
2025-2-15 11:35:13,62,104,0,0,0,0,0,0,0,0,0,0,0,13,0,0,254,
2025-2-15 11:36:13,62,82,0,0,0,0,0,0,0,0,0,0,0,13,0,0,254,
2025-2-15 11:37:13,61,106,0,0,0,0,0,0,0,0,0,0,0,13,0,0,254,
2025-2-15 11:38:13,60,82,0,0,0,0,0,0,0,0,0,0,0,13,0,0,254,
2025-2-15 11:39:13,60,84,0,0,0,0,0,0,0,0,0,0,0,13,0,0,254,
2025-2-15 11:40:13,59,83,0,0,0,0,0,0,0,0,0,0,0,13,0,0,254,
2025-2-15 11:41:13,59,59,0,0,0,0,0,0,0,0,0,0,0,13,0,0,254,
2025-2-15 11:42:13,58,81,0,0,0,0,0,0,0,0,0,0,0,13,0,0,254,
2025-2-15 11:43:13,57,73,0,0,0,0,0,0,0,0,0,0,0,13,0,0,254,
2025-2-15 11:44:13,57,86,0,0,0,0,0,0,0,0,0,0,0,13,0,0,254,
2025-2-15 11:45:13,56,76,0,0,0,0,0,0,0,0,0,0,0,13,0,0,254,
2025-2-15 11:46:13,56,99,0,0,0,0,0,0,0,0,0,0,0,13,0,0,254,
2025-2-15 11:47:13,55,79,0,0,0,0,0,0,0,0,0,0,0,13,0,0,254,
2025-2-15 11:48:13,55,103,0,0,0,0,0,0,0,0,0,0,0,13,0,0,254,
2025-2-15 11:49:13,54,81,0,0,0,0,0,0,0,0,0,0,0,13,0,0,254,
2025-2-15 11:50:13,54,105,0,0,0,0,0,0,0,0,0,0,0,13,0,0,254,
2025-2-15 11:51:13,53,81,0,0,0,0,0,0,0,0,0,0,0,13,0,0,254,
2025-2-15 11:52:13,53,79,0,0,0,0,0,0,0,0,0,0,0,13,0,0,254,
2025-2-15 11:53:13,52,81,0,0,0,0,0,0,0,0,0,0,0,13,0,0,254,
2025-2-15 11:54:13,52,58,0,0,0,0,0,0,0,0,0,0,0,13,0,0,254,
2025-2-15 11:55:13,51,80,0,0,0,0,0,0,0,0,0,0,0,13,0,0,254,
2025-2-15 11:56:13,51,71,0,0,0,0,0,0,0,0,0,0,0,13,0,0,254,
2025-2-15 11:57:13,50,85,0,0,0,0,0,0,0,0,0,0,0,13,0,0,254,
2025-2-15 11:58:13,50,76,0,0,0,0,0,0,0,0,0,0,0,13,0,0,254,
2025-2-15 11:59:13,50,99,0,0,0,0,0,0,0,0,0,0,0,13,0,0,254,
2025-2-15 12:0:13,49,79,0,0,0,0,0,0,0,0,0,0,0,13,0,0,254,
2025-2-15 12:1:13,49,103,0,0,0,0,0,0,0,0,0,0,0,13,0,0,254,
2025-2-15 12:2:13,48,80,0,0,0,0,0,0,0,0,0,0,0,13,0,0,254,
2025-2-15 12:3:13,48,104,0,0,0,0,0,0,0,0,0,0,0,13,0,0,254,
2025-2-15 12:4:13,48,81,0,0,0,0,0,0,0,0,0,0,0,13,0,0,254,
2025-2-15 12:5:13,47,73,0,0,0,0,0,0,0,0,0,0,0,13,0,0,254,
2025-2-15 12:6:13,47,81,0,0,0,0,0,0,0,0,0,0,0,13,0,0,254,
2025-2-15 12:7:13,47,58,0,0,0,0,0,0,0,0,0,0,0,13,0,0,254,
2025-2-15 12:8:13,46,80,0,0,0,0,0,0,0,0,0,0,0,13,0,0,254,
2025-2-15 12:9:13,46,73,0,0,0,0,0,0,0,0,0,0,0,13,0,0,254,
2025-2-15 12:10:13,46,86,0,0,0,0,0,0,0,0,0,0,0,13,0,0,254,
2025-2-15 12:11:13,46,75,0,0,0,0,0,0,0,0,0,0,0,13,0,0,254,
2025-2-15 12:12:13,45,98,0,0,0,0,0,0,0,0,0,0,0,13,0,0,254,
2025-2-15 12:13:13,45,78,0,0,0,0,0,0,0,0,0,0,0,13,0,0,254,
2025-2-15 12:14:13,45,102,0,0,0,0,0,0,0,0,0,0,0,13,0,0,254,
2025-2-15 12:15:13,44,79,0,0,0,0,0,0,0,0,0,0,0,13,0,0,254,
2025-2-15 12:16:13,44,103,0,0,0,0,0,0,0,0,0,0,0,13,0,0,254,
2025-2-15 12:17:13,44,80,0,0,0,0,0,0,0,0,0,0,0,13,0,0,254,
2025-2-15 12:18:13,44,59,0,0,0,0,0,0,0,0,0,0,0,13,0,0,254,
2025-2-15 12:19:13,43,81,0,0,0,0,0,0,0,0,0,0,0,13,0,0,254,
2025-2-15 12:20:13,43,57,0,0,0,0,0,0,0,0,0,0,0,13,0,0,254,
2025-2-15 12:21:13,43,79,0,0,0,0,0,0,0,0,0,0,0,13,0,0,254,
2025-2-15 12:22:13,43,71,0,0,0,0,0,0,0,0,0,0,0,13,0,0,254,
2025-2-15 12:23:13,43,86,0,0,0,0,0,0,0,0,0,0,0,13,0,0,254,
2025-2-15 12:24:13,42,75,0,0,0,0,0,0,0,0,0,0,0,13,0,0,254,
2025-2-15 12:25:13,42,99,0,0,0,0,0,0,0,0,0,0,0,13,0,0,254,
2025-2-15 12:26:13,42,77,0,0,0,0,0,0,0,0,0,0,0,13,0,0,254,
2025-2-15 12:27:13,42,102,0,0,0,0,0,0,0,0,0,0,0,13,0,0,254,
2025-2-15 12:28:13,41,79,0,0,0,0,0,0,0,0,0,0,0,13,0,0,254,
2025-2-15 12:29:13,41,103,0,0,0,0,0,0,0,0,0,0,0,13,0,0,254,
2025-2-15 12:30:13,41,80,0,0,0,0,0,0,0,0,0,0,0,13,0,0,254,
2025-2-15 12:31:13,41,58,0,0,0,0,0,0,0,0,0,0,0,13,0,0,254,
2025-2-15 12:32:13,41,80,0,0,0,0,0,0,0,0,0,0,0,13,0,0,254,
2025-2-15 12:33:13,41,57,0,0,0,0,0,0,0,0,0,0,0,13,0,0,254,
2025-2-15 12:34:13,40,79,0,0,0,0,0,0,0,0,0,0,0,13,0,0,254,
2025-2-15 12:35:13,40,73,0,0,0,0,0,0,0,0,0,0,0,13,0,0,254,
2025-2-15 12:36:13,40,88,0,0,0,0,0,0,0,0,0,0,0,13,0,0,254,
2025-2-15 12:37:13,40,75,0,0,0,0,0,0,0,0,0,0,0,13,0,0,254,
2025-2-15 12:38:13,40,99,0,0,0,0,0,0,0,0,0,0,0,13,0,0,254,
2025-2-15 12:39:13,40,77,0,0,0,0,0,0,0,0,0,0,0,13,0,0,254,
2025-2-15 12:40:13,40,102,0,0,0,0,0,0,0,0,0,0,0,13,0,0,254,
2025-2-15 12:41:13,40,79,0,0,0,0,0,0,0,0,0,0,0,13,0,0,254,
2025-2-15 12:42:13,40,102,0,0,0,0,0,0,0,0,0,0,0,13,0,0,254,
2025-2-15 12:43:13,40,79,0,0,0,0,0,0,0,0,0,0,0,13,0,0,254,
2025-2-15 12:44:13,40,59,0,0,0,0,0,0,0,0,0,0,0,13,0,0,254,
2025-2-15 12:45:13,40,79,0,0,0,0,0,0,0,0,0,0,0,13,0,0,254,
2025-2-15 12:46:13,40,57,0,0,0,0,0,0,0,0,0,0,0,13,0,0,254,
2025-2-15 12:47:13,40,79,0,0,0,0,0,0,0,0,0,0,0,13,0,0,254,
2025-2-15 12:48:13,40,72,0,0,0,0,0,0,0,0,0,0,0,13,0,0,254,
2025-2-15 12:49:13,40,88,0,0,0,0,0,0,0,0,0,0,0,13,0,0,254,
2025-2-15 12:50:13,40,75,0,0,0,0,0,0,0,0,0,0,0,13,0,0,254,
2025-2-15 12:51:13,40,99,0,0,0,0,0,0,0,0,0,0,0,13,0,0,254,
2025-2-15 12:52:13,40,77,0,0,0,0,0,0,0,0,0,0,0,13,0,0,254,
2025-2-15 12:53:13,40,102,0,0,0,0,0,0,0,0,0,0,0,13,0,0,254,
2025-2-15 12:54:13,40,79,0,0,0,0,0,0,0,0,0,0,0,13,0,0,254,
2025-2-15 12:55:13,40,101,0,0,0,0,0,0,0,0,0,0,0,13,0,0,254,
2025-2-15 12:56:13,40,79,0,0,0,0,0,0,0,0,0,0,0,13,0,0,254,
2025-2-15 12:57:13,40,57,0,0,0,0,0,0,0,0,0,0,0,13,0,0,254,
2025-2-15 12:58:13,40,78,0,0,0,0,0,0,0,0,0,0,0,13,0,0,254,
2025-2-15 12:59:13,40,57,0,0,0,0,0,0,0,0,0,0,0,13,0,0,254,
2025-2-15 13:0:13,40,79,0,0,0,0,0,0,0,0,0,0,0,13,0,0,254,
2025-2-15 13:1:13,40,71,0,0,0,0,0,0,0,0,0,0,0,13,0,0,254,
2025-2-15 13:2:13,40,89,0,0,0,0,0,0,0,0,0,0,0,13,0,0,254,
2025-2-15 13:3:13,40,75,0,0,0,0,0,0,0,0,0,0,0,13,0,0,254,
2025-2-15 13:4:13,40,98,0,0,0,0,0,0,0,0,0,0,0,13,0,0,254,
2025-2-15 13:5:13,40,77,0,0,0,0,0,0,0,0,0,0,0,13,0,0,254,
2025-2-15 13:6:13,40,102,0,0,0,0,0,0,0,0,0,0,0,13,0,0,254,
2025-2-15 13:7:13,40,79,0,0,0,0,0,0,0,0,0,0,0,13,0,0,254,
2025-2-15 13:8:13,40,101,0,0,0,0,0,0,0,0,0,0,0,13,0,0,254,
2025-2-15 13:9:13,40,79,0,0,0,0,0,0,0,0,0,0,0,13,0,0,254,
2025-2-15 13:10:13,40,53,0,0,0,0,0,0,0,0,0,0,0,13,0,0,254,
2025-2-15 13:11:13,40,79,0,0,0,0,0,0,0,0,0,0,0,13,0,0,254,
2025-2-15 13:12:13,40,57,0,0,0,0,0,0,0,0,0,0,0,13,0,0,254,
2025-2-15 13:13:13,40,79,0,0,0,0,0,0,0,0,0,0,0,13,0,0,254,
2025-2-15 13:14:13,40,70,0,0,0,0,0,0,0,0,0,0,0,13,0,0,254,
2025-2-15 13:15:13,40,91,0,0,0,0,0,0,0,0,0,0,0,13,0,0,254,
2025-2-15 13:16:13,40,75,0,0,0,0,0,0,0,0,0,0,0,13,0,0,254,
2025-2-15 13:17:13,40,99,0,0,0,0,0,0,0,0,0,0,0,13,0,0,254,
2025-2-15 13:18:13,40,78,0,0,0,0,0,0,0,0,0,0,0,13,0,0,254,
2025-2-15 13:19:13,40,102,0,0,0,0,0,0,0,0,0,0,0,13,0,0,254,
2025-2-15 13:20:13,40,79,0,0,0,0,0,0,0,0,0,0,0,13,0,0,254,
2025-2-15 13:21:13,40,101,0,0,0,0,0,0,0,0,0,0,0,13,0,0,254,
2025-2-15 13:22:13,40,79,0,0,0,0,0,0,0,0,0,0,0,13,0,0,254,
2025-2-15 13:23:13,40,52,0,0,0,0,0,0,0,0,0,0,0,13,0,0,254,
2025-2-15 13:24:13,40,79,0,0,0,0,0,0,0,0,0,0,0,13,0,0,254,
2025-2-15 13:25:13,40,59,0,0,0,0,0,0,0,0,0,0,0,13,0,0,254,
2025-2-15 13:26:13,40,80,0,0,0,0,0,0,0,0,0,0,0,13,0,0,254,
2025-2-15 13:27:13,40,70,0,0,0,0,0,0,0,0,0,0,0,13,0,0,254,
2025-2-15 13:28:13,40,91,0,0,0,0,0,0,0,0,0,0,0,13,0,0,254,
2025-2-15 13:29:13,40,75,0,0,0,0,0,0,0,0,0,0,0,13,0,0,254,
2025-2-15 13:30:13,40,100,0,0,0,0,0,0,0,0,0,0,0,13,0,0,254,
2025-2-15 13:31:13,40,78,0,0,0,0,0,0,0,0,0,0,0,13,0,0,254,
2025-2-15 13:32:13,40,102,0,0,0,0,0,0,0,0,0,0,0,13,0,0,254,
2025-2-15 13:33:13,40,79,0,0,0,0,0,0,0,0,0,0,0,13,0,0,254,
2025-2-15 13:34:13,40,100,0,0,0,0,0,0,0,0,0,0,0,13,0,0,254,
2025-2-15 13:35:13,40,79,0,0,0,0,0,0,0,0,0,0,0,13,0,0,254,
2025-2-15 13:36:13,40,53,0,0,0,0,0,0,0,0,0,0,0,13,0,0,254,
2025-2-15 13:37:13,40,79,0,0,0,0,0,0,0,0,0,0,0,13,0,0,254,
2025-2-15 13:38:13,40,59,0,0,0,0,0,0,0,0,0,0,0,13,0,0,254,
2025-2-15 13:39:13,40,80,0,0,0,0,0,0,0,0,0,0,0,13,0,0,254,
2025-2-15 13:40:13,40,70,0,0,0,0,0,0,0,0,0,0,0,13,0,0,254,
2025-2-15 13:41:13,40,92,0,0,0,0,0,0,0,0,0,0,0,13,0,0,254,
2025-2-15 13:42:13,40,75,0,0,0,0,0,0,0,0,0,0,0,13,0,0,254,
2025-2-15 13:43:13,40,100,0,0,0,0,0,0,0,0,0,0,0,13,0,0,254,
2025-2-15 13:44:13,40,79,0,0,0,0,0,0,0,0,0,0,0,13,0,0,254,
2025-2-15 13:45:13,40,103,0,0,0,0,0,0,0,0,0,0,0,13,0,0,254,
2025-2-15 13:46:13,40,79,0,0,0,0,0,0,0,0,0,0,0,13,0,0,254,
2025-2-15 13:47:13,40,99,0,0,0,0,0,0,0,0,0,0,0,13,0,0,254,
2025-2-15 13:48:13,40,79,0,0,0,0,0,0,0,0,0,0,0,13,0,0,254,
2025-2-15 13:49:13,40,53,0,0,0,0,0,0,0,0,0,0,0,13,0,0,254,
2025-2-15 13:50:13,40,79,0,0,0,0,2,0,0,0,0,0,0,13,0,0,254,
2025-2-15 13:51:13,57,99,0,0,0,0,12,0,0,0,0,0,0,13,0,0,254,
2025-2-15 13:52:13,81,86,0,0,0,0,13,0,0,0,0,0,0,13,0,0,254,
2025-2-15 13:53:13,103,55,0,0,0,0,13,0,0,0,0,0,0,13,0,0,254,
2025-2-15 13:54:13,113,90,0,0,0,0,12,0,0,0,0,0,0,13,0,0,254,
2025-2-15 13:55:13,117,72,0,0,0,0,13,0,0,0,0,0,0,13,0,0,254,
2025-2-15 13:56:13,119,107,0,0,0,0,12,0,0,0,0,0,0,13,0,0,254,
2025-2-15 13:57:13,119,80,0,0,0,0,13,0,0,0,0,0,0,13,0,0,254,
2025-2-15 13:58:13,119,104,0,0,0,0,11,0,0,0,0,0,0,13,0,0,254,
2025-2-15 13:59:13,119,86,0,0,0,0,12,0,0,0,0,0,0,13,0,0,254,
2025-2-15 14:0:13,119,103,0,0,0,0,12,0,0,0,0,0,0,13,0,0,254,
2025-2-15 14:1:13,119,88,0,0,0,0,13,0,0,0,0,0,0,13,0,0,254,
2025-2-15 14:2:13,119,107,0,0,0,0,12,0,0,0,0,0,0,13,0,0,254,
2025-2-15 14:3:13,119,87,0,0,0,0,12,0,0,0,0,0,0,13,0,0,254,
2025-2-15 14:4:13,119,105,0,0,0,0,12,0,0,0,0,0,0,13,0,0,254,
2025-2-15 14:5:13,119,90,0,0,0,0,12,0,0,0,0,0,0,13,0,0,254,
2025-2-15 14:6:13,119,58,0,0,0,0,13,0,0,0,0,0,0,13,0,0,254,
2025-2-15 14:7:13,119,91,0,0,0,0,12,0,0,0,0,0,0,13,0,0,254,
2025-2-15 14:8:13,119,68,0,0,0,0,13,0,0,0,0,0,0,12,0,0,254,
2025-2-15 14:9:13,119,107,0,0,0,0,12,0,0,0,0,0,0,13,0,0,254,
2025-2-15 14:10:13,119,89,0,0,0,0,10,0,0,0,0,0,0,13,0,0,254,
2025-2-15 14:11:13,119,112,0,0,0,0,0,0,0,0,0,0,0,13,0,0,254,
2025-2-15 14:12:13,117,88,0,0,0,0,0,0,0,0,0,0,0,13,0,0,254,
2025-2-15 14:13:13,115,104,0,0,0,0,0,0,0,0,0,0,0,13,0,0,254,
2025-2-15 14:14:13,113,89,0,0,0,0,0,0,0,0,0,0,0,13,0,0,254,
2025-2-15 14:15:13,111,61,0,0,0,0,0,0,0,0,0,0,0,13,0,0,254,
2025-2-15 14:16:13,109,87,0,0,0,0,0,0,0,0,0,0,0,13,0,0,254,
2025-2-15 14:17:13,107,73,0,0,0,0,0,0,0,0,0,0,0,13,0,0,254,
2025-2-15 14:18:13,106,89,0,0,0,0,0,0,0,0,0,0,0,13,0,0,254,
2025-2-15 14:19:13,104,81,0,0,0,0,0,0,0,0,0,0,0,13,0,0,254,
2025-2-15 14:20:13,102,103,0,0,0,0,0,0,0,0,0,0,0,13,0,0,254,
2025-2-15 14:21:13,101,84,0,0,0,0,0,0,0,0,0,0,0,13,0,0,254,
2025-2-15 14:22:13,99,109,0,0,0,0,0,0,0,0,0,0,0,13,0,0,254,
2025-2-15 14:23:13,97,86,0,0,0,0,0,0,0,0,0,0,0,13,0,0,254,
2025-2-15 14:24:13,96,110,0,0,0,0,0,0,0,0,0,0,0,13,0,0,254,
2025-2-15 14:25:13,94,86,0,0,0,0,0,0,0,0,0,0,0,13,0,0,254,
2025-2-15 14:26:13,93,99,0,0,0,0,0,0,0,0,0,0,0,13,0,0,254,
2025-2-15 14:27:13,91,86,0,0,0,0,0,0,0,0,0,0,0,13,0,0,254,
2025-2-15 14:28:13,90,61,0,0,0,0,0,0,0,0,0,0,0,13,0,0,254,
2025-2-15 14:29:13,89,86,0,0,0,0,0,0,0,0,0,0,0,13,0,0,254,
2025-2-15 14:30:13,87,74,0,0,0,0,0,0,0,0,0,0,0,13,0,0,254,
2025-2-15 14:31:13,86,87,0,0,0,0,0,0,0,0,0,0,0,13,0,0,254,
2025-2-15 14:32:13,85,79,0,0,0,0,0,0,0,0,0,0,0,13,0,0,254,
2025-2-15 14:33:13,83,101,0,0,0,0,0,0,0,0,0,0,0,13,0,0,254,
2025-2-15 14:34:13,82,83,0,0,0,0,0,0,0,0,0,0,0,13,0,0,254,
2025-2-15 14:35:13,81,107,0,0,0,0,0,0,0,0,0,0,0,13,0,0,254,
2025-2-15 14:36:13,80,84,0,0,0,0,0,0,0,0,0,0,0,13,0,0,254,
2025-2-15 14:37:13,79,109,0,0,0,0,0,0,0,0,0,0,0,13,0,0,254,
2025-2-15 14:38:13,78,85,0,0,0,0,0,0,0,0,0,0,0,13,0,0,254,
2025-2-15 14:39:13,76,94,0,0,0,0,0,0,0,0,0,0,0,13,0,0,254,
2025-2-15 14:40:13,75,84,0,0,0,0,0,0,0,0,0,0,0,13,0,0,254,
2025-2-15 14:41:13,74,60,0,0,0,0,0,0,0,0,0,0,0,13,0,0,254,
2025-2-15 14:42:13,73,83,0,0,0,0,0,0,0,0,0,0,0,13,0,0,254,
2025-2-15 14:43:13,72,68,0,0,0,0,0,0,0,0,0,0,0,13,0,0,254,
2025-2-15 14:44:13,72,86,0,0,0,0,0,0,0,0,0,0,0,13,0,0,254,
2025-2-15 14:45:13,71,78,0,0,0,0,0,0,0,0,0,0,0,13,0,0,254,
2025-2-15 14:46:13,70,99,0,0,0,0,0,0,0,0,0,0,0,13,0,0,254,
2025-2-15 14:47:13,69,81,0,0,0,0,0,0,0,0,0,0,0,13,0,0,254,
2025-2-15 14:48:13,68,105,0,0,0,0,0,0,0,0,0,0,0,13,0,0,254,
2025-2-15 14:49:13,67,83,0,0,0,0,0,0,0,0,0,0,0,13,0,0,254,
2025-2-15 14:50:13,66,107,0,0,0,0,0,0,0,0,0,0,0,13,0,0,254,
2025-2-15 14:51:13,65,82,0,0,0,0,0,0,0,0,0,0,0,13,0,0,254,
2025-2-15 14:52:13,65,90,0,0,0,0,0,0,0,0,0,0,0,13,0,0,254,
2025-2-15 14:53:13,64,83,0,0,0,0,0,0,0,0,0,0,0,13,0,0,254,
2025-2-15 14:54:13,63,60,0,0,0,0,0,0,0,0,0,0,0,13,0,0,254,
2025-2-15 14:55:13,62,82,0,0,0,0,0,0,0,0,0,0,0,13,0,0,254,
2025-2-15 14:56:13,62,71,0,0,0,0,0,0,0,0,0,0,0,13,0,0,254,
2025-2-15 14:57:13,61,85,0,0,0,0,0,0,0,0,0,0,0,13,0,0,254,
2025-2-15 14:58:13,60,77,0,0,0,0,0,0,0,0,0,0,0,13,0,0,254,
2025-2-15 14:59:13,60,98,0,0,0,0,0,0,0,0,0,0,0,13,0,0,254,
2025-2-15 15:0:13,59,80,0,0,0,0,0,0,0,0,0,0,0,13,0,0,254,
2025-2-15 15:1:13,59,104,0,0,0,0,0,0,0,0,0,0,0,13,0,0,254,
2025-2-15 15:2:13,58,82,0,0,0,0,0,0,0,0,0,0,0,13,0,0,254,
2025-2-15 15:3:13,57,106,0,0,0,0,0,0,0,0,0,0,0,13,0,0,254,
2025-2-15 15:4:13,57,82,0,0,0,0,0,0,0,0,0,0,0,13,0,0,254,
2025-2-15 15:5:13,56,84,0,0,0,0,0,0,0,0,0,0,0,13,0,0,254,
2025-2-15 15:6:13,56,82,0,0,0,0,0,0,0,0,0,0,0,13,0,0,254,
2025-2-15 15:7:13,55,59,0,0,0,0,0,0,0,0,0,0,0,13,0,0,254,
2025-2-15 15:8:13,55,81,0,0,0,0,0,0,0,0,0,0,0,13,0,0,254,
2025-2-15 15:9:13,54,74,0,0,0,0,0,0,0,0,0,0,0,13,0,0,254,
2025-2-15 15:10:13,54,85,0,0,0,0,0,0,0,0,0,0,0,13,0,0,254,
2025-2-15 15:11:13,53,76,0,0,0,0,0,0,0,0,0,0,0,13,0,0,254,
2025-2-15 15:12:13,53,99,0,0,0,0,0,0,0,0,0,0,0,13,0,0,254,
2025-2-15 15:13:13,52,79,0,0,0,0,0,0,0,0,0,0,0,13,0,0,254,
2025-2-15 15:14:13,52,103,0,0,0,0,0,0,0,0,0,0,0,13,0,0,254,
2025-2-15 15:15:13,51,80,0,0,0,0,0,0,0,0,0,0,0,13,0,0,254,
2025-2-15 15:16:13,51,105,0,0,0,0,0,0,0,0,0,0,0,13,0,0,254,
2025-2-15 15:17:13,50,81,0,0,0,0,0,0,0,0,0,0,0,13,0,0,254,
2025-2-15 15:18:13,50,75,0,0,0,0,0,0,0,0,0,0,0,13,0,0,254,
2025-2-15 15:19:13,50,81,0,0,0,0,0,0,0,0,0,0,0,13,0,0,254,
2025-2-15 15:20:13,49,58,0,0,0,0,0,0,0,0,0,0,0,13,0,0,254,
2025-2-15 15:21:13,49,80,0,0,0,0,0,0,0,0,0,0,0,13,0,0,254,
2025-2-15 15:22:13,48,72,0,0,0,0,0,0,0,0,0,0,0,13,0,0,254,
2025-2-15 15:23:13,48,85,0,0,0,0,0,0,0,0,0,0,0,13,0,0,254,
2025-2-15 15:24:13,48,74,0,0,0,0,0,0,0,0,0,0,0,13,0,0,254,
2025-2-15 15:25:13,47,98,0,0,0,0,0,0,0,0,0,0,0,13,0,0,254,
2025-2-15 15:26:13,47,78,0,0,0,0,0,0,0,0,0,0,0,13,0,0,254,
2025-2-15 15:27:13,47,102,0,0,0,0,0,0,0,0,0,0,0,13,0,0,254,
2025-2-15 15:28:13,46,80,0,0,0,0,0,0,0,0,0,0,0,13,0,0,254,
2025-2-15 15:29:13,46,103,0,0,0,0,0,0,0,0,0,0,0,13,0,0,254,
2025-2-15 15:30:13,46,81,0,0,0,0,0,0,0,0,0,0,0,13,0,0,254,
2025-2-15 15:31:13,46,66,0,0,0,0,0,0,0,0,0,0,0,13,0,0,254,
2025-2-15 15:32:13,45,81,0,0,0,0,0,0,0,0,0,0,0,13,0,0,254,
2025-2-15 15:33:13,45,58,0,0,0,0,0,0,0,0,0,0,0,13,0,0,254,
2025-2-15 15:34:13,45,80,0,0,0,0,0,0,0,0,0,0,0,13,0,0,254,
2025-2-15 15:35:13,44,71,0,0,0,0,0,0,0,0,0,0,0,13,0,0,254,
2025-2-15 15:36:13,44,85,0,0,0,0,0,0,0,0,0,0,0,13,0,0,254,
2025-2-15 15:37:13,44,74,0,0,0,0,0,0,0,0,0,0,0,13,0,0,254,
2025-2-15 15:38:13,44,98,0,0,0,0,0,0,0,0,0,0,0,13,0,0,254,
2025-2-15 15:39:13,43,78,0,0,0,0,0,0,0,0,0,0,0,13,0,0,254,
2025-2-15 15:40:13,43,102,0,0,0,0,0,0,0,0,0,0,0,13,0,0,254,
2025-2-15 15:41:13,43,80,0,0,0,0,0,0,0,0,0,0,0,13,0,0,254,
2025-2-15 15:42:13,43,103,0,0,0,0,0,0,0,0,0,0,0,13,0,0,254,
2025-2-15 15:43:13,43,80,0,0,0,0,0,0,0,0,0,0,0,13,0,0,254,
2025-2-15 15:44:13,42,60,0,0,0,0,0,0,0,0,0,0,0,13,0,0,254,
2025-2-15 15:45:13,42,80,0,0,0,0,0,0,0,0,0,0,0,13,0,0,254,
2025-2-15 15:46:13,42,57,0,0,0,0,0,0,0,0,0,0,0,13,0,0,254,
2025-2-15 15:47:13,42,79,0,0,0,0,0,0,0,0,0,0,0,13,0,0,254,
2025-2-15 15:48:13,41,71,0,0,0,0,0,0,0,0,0,0,0,13,0,0,254,
2025-2-15 15:49:13,41,86,0,0,0,0,0,0,0,0,0,0,0,13,0,0,254,
2025-2-15 15:50:13,41,75,0,0,0,0,0,0,0,0,0,0,0,13,0,0,254,
2025-2-15 15:51:13,41,98,0,0,0,0,0,0,0,0,0,0,0,13,0,0,254,
2025-2-15 15:52:13,41,77,0,0,0,0,0,0,0,0,0,0,0,13,0,0,254,
2025-2-15 15:53:13,41,102,0,0,0,0,0,0,0,0,0,0,0,13,0,0,254,
2025-2-15 15:54:13,40,79,0,0,0,0,0,0,0,0,0,0,0,13,0,0,254,
2025-2-15 15:55:13,40,103,0,0,0,0,0,0,0,0,0,0,0,13,0,0,254,
2025-2-15 15:56:13,40,80,0,0,0,0,0,0,0,0,0,0,0,13,0,0,254,
2025-2-15 15:57:13,40,58,0,0,0,0,0,0,0,0,0,0,0,13,0,0,254,
2025-2-15 15:58:13,40,80,0,0,0,0,0,0,0,0,0,0,0,13,0,0,254,
2025-2-15 15:59:13,40,57,0,0,0,0,0,0,0,0,0,0,0,13,0,0,254,
2025-2-15 16:0:13,40,78,0,0,0,0,0,0,0,0,0,0,0,13,0,0,254,
2025-2-15 16:1:13,40,72,0,0,0,0,0,0,0,0,0,0,0,13,0,0,254,
2025-2-15 16:2:13,40,88,0,0,0,0,0,0,0,0,0,0,0,13,0,0,254,
2025-2-15 16:3:13,40,75,0,0,0,0,0,0,0,0,0,0,0,13,0,0,254,
2025-2-15 16:4:13,40,99,0,0,0,0,0,0,0,0,0,0,0,13,0,0,254,
2025-2-15 16:5:13,40,77,0,0,0,0,0,0,0,0,0,0,0,13,0,0,254,
2025-2-15 16:6:13,40,102,0,0,0,0,0,0,0,0,0,0,0,13,0,0,254,
2025-2-15 16:7:13,40,79,0,0,0,0,0,0,0,0,0,0,0,13,0,0,254,
2025-2-15 16:8:13,40,102,0,0,0,0,0,0,0,0,0,0,0,13,0,0,254,
2025-2-15 16:9:13,40,80,0,0,0,0,0,0,0,0,0,0,0,13,0,0,254,
2025-2-15 16:10:13,40,58,0,0,0,0,0,0,0,0,0,0,0,13,0,0,254,
2025-2-15 16:11:13,40,80,0,0,0,0,0,0,0,0,0,0,0,13,0,0,254,
2025-2-15 16:12:13,40,57,0,0,0,0,0,0,0,0,0,0,0,13,0,0,254,
2025-2-15 16:13:13,40,79,0,0,0,0,0,0,0,0,0,0,0,13,0,0,254,
2025-2-15 16:14:13,40,68,0,0,0,0,0,0,0,0,0,0,0,13,0,0,254,
2025-2-15 16:15:13,40,89,0,0,0,0,0,0,0,0,0,0,0,13,0,0,254,
2025-2-15 16:16:13,40,76,0,0,0,0,0,0,0,0,0,0,0,13,0,0,254,
2025-2-15 16:17:13,40,98,0,0,0,0,0,0,0,0,0,0,0,13,0,0,254,
2025-2-15 16:18:13,40,77,0,0,0,0,0,0,0,0,0,0,0,13,0,0,254,
2025-2-15 16:19:13,40,102,0,0,0,0,0,0,0,0,0,0,0,13,0,0,254,
2025-2-15 16:20:13,40,78,0,0,0,0,0,0,0,0,0,0,0,13,0,0,254,
2025-2-15 16:21:13,40,101,0,0,0,0,0,0,0,0,0,0,0,13,0,0,254,
2025-2-15 16:22:13,40,79,0,0,0,0,0,0,0,0,0,0,0,13,0,0,254,
2025-2-15 16:23:13,40,57,0,0,0,0,0,0,0,0,0,0,0,13,0,0,254,
2025-2-15 16:24:13,40,78,0,0,0,0,0,0,0,0,0,0,0,13,0,0,254,
2025-2-15 16:25:13,40,57,0,0,0,0,0,0,0,0,0,0,0,13,0,0,254,
2025-2-15 16:26:13,40,79,0,0,0,0,0,0,0,0,0,0,0,13,0,0,254,
2025-2-15 16:27:13,40,68,0,0,0,0,0,0,0,0,0,0,0,13,0,0,254,
2025-2-15 16:28:13,40,89,0,0,0,0,0,0,0,0,0,0,0,13,0,0,254,
2025-2-15 16:29:13,40,76,0,0,0,0,0,0,0,0,0,0,0,13,0,0,254,
2025-2-15 16:30:13,40,98,0,0,0,0,0,0,0,0,0,0,0,13,0,0,254,
2025-2-15 16:31:13,40,77,0,0,0,0,0,0,0,0,0,0,0,13,0,0,254,
2025-2-15 16:32:13,40,102,0,0,0,0,0,0,0,0,0,0,0,13,0,0,254,
2025-2-15 16:33:13,40,79,0,0,0,0,0,0,0,0,0,0,0,13,0,0,254,
2025-2-15 16:34:13,40,102,0,0,0,0,0,0,0,0,0,0,0,13,0,0,254,
2025-2-15 16:35:13,40,79,0,0,0,0,0,0,0,0,0,0,0,13,0,0,254,
2025-2-15 16:36:13,40,52,0,0,0,0,0,0,0,0,0,0,0,13,0,0,254,
2025-2-15 16:37:13,40,79,0,0,0,0,0,0,0,0,0,0,0,13,0,0,254,
2025-2-15 16:38:13,40,57,0,0,0,0,0,0,0,0,0,0,0,13,0,0,254,
2025-2-15 16:39:13,40,79,0,0,0,0,0,0,0,0,0,0,0,13,0,0,254,
2025-2-15 16:40:13,40,69,0,0,0,0,0,0,0,0,0,0,0,13,0,0,254,
2025-2-15 16:41:13,40,90,0,0,0,0,0,0,0,0,0,0,0,13,0,0,254,
2025-2-15 16:42:13,40,75,0,0,0,0,0,0,0,0,0,0,0,13,0,0,254,
2025-2-15 16:43:13,40,99,0,0,0,0,0,0,0,0,0,0,0,13,0,0,254,
2025-2-15 16:44:13,40,77,0,0,0,0,0,0,0,0,0,0,0,13,0,0,254,
2025-2-15 16:45:13,40,102,0,0,0,0,0,0,0,0,0,0,0,13,0,0,254,
2025-2-15 16:46:13,40,79,0,0,0,0,0,0,0,0,0,0,0,13,0,0,254,
2025-2-15 16:47:13,40,101,0,0,0,0,0,0,0,0,0,0,0,13,0,0,254,
2025-2-15 16:48:13,40,79,0,0,0,0,0,0,0,0,0,0,0,13,0,0,254,
2025-2-15 16:49:13,40,51,0,0,0,0,0,0,0,0,0,0,0,13,0,0,254,
2025-2-15 16:50:13,40,79,0,0,0,0,0,0,0,0,0,0,0,13,0,0,254,
2025-2-15 16:51:13,40,57,0,0,0,0,0,0,0,0,0,0,0,13,0,0,254,
2025-2-15 16:52:13,40,80,0,0,0,0,0,0,0,0,0,0,0,13,0,0,254,
2025-2-15 16:53:13,40,71,0,0,0,0,0,0,0,0,0,0,0,13,0,0,254,
2025-2-15 16:54:13,40,92,0,0,0,0,0,0,0,0,0,0,0,13,0,0,254,
2025-2-15 16:55:13,40,75,0,0,0,0,0,0,0,0,0,0,0,13,0,0,254,
2025-2-15 16:56:13,40,99,0,0,0,0,0,0,0,0,0,0,0,13,0,0,254,
2025-2-15 16:57:13,40,78,0,0,0,0,0,0,0,0,0,0,0,13,0,0,254,
2025-2-15 16:58:13,40,102,0,0,0,0,0,0,0,0,0,0,0,13,0,0,254,
2025-2-15 16:59:13,40,79,0,0,0,0,0,0,0,0,0,0,0,13,0,0,254,
2025-2-15 17:0:13,40,100,0,0,0,0,0,0,0,0,0,0,0,13,0,0,254,
2025-2-15 17:1:13,40,78,0,0,0,0,0,0,0,0,0,0,0,13,0,0,254,
2025-2-15 17:2:13,40,52,0,0,0,0,0,0,0,0,0,0,0,13,0,0,254,
2025-2-15 17:3:13,40,79,0,0,0,0,0,0,0,0,0,0,0,13,0,0,254,
2025-2-15 17:4:13,40,59,0,0,0,0,0,0,0,0,0,0,0,13,0,0,254,
2025-2-15 17:5:13,40,79,0,0,0,0,0,0,0,0,0,0,0,13,0,0,254,
2025-2-15 17:6:13,40,69,0,0,0,0,0,0,0,0,0,0,0,13,0,0,254,
2025-2-15 17:7:13,40,92,0,0,0,0,0,0,0,0,0,0,0,13,0,0,254,
2025-2-15 17:8:13,40,75,0,0,0,0,0,0,0,0,0,0,0,13,0,0,254,
2025-2-15 17:9:13,40,100,0,0,0,0,0,0,0,0,0,0,0,13,0,0,254,
2025-2-15 17:10:13,40,81,0,0,0,0,0,0,0,0,0,0,0,60,0,0,254,
2025-2-15 17:11:13,40,80,0,0,0,0,0,0,0,0,0,0,0,60,0,0,254,
2025-2-15 17:12:13,40,81,0,0,0,0,0,0,0,0,0,0,0,60,0,0,254,
2025-2-15 17:13:13,40,81,0,0,0,0,0,0,0,0,0,0,0,60,0,0,254,
2025-2-15 17:14:13,40,81,0,0,0,0,0,0,0,0,0,0,0,60,0,0,254,
2025-2-15 17:15:13,40,81,0,0,0,0,0,0,0,0,0,0,0,60,0,0,254,
2025-2-15 17:16:13,40,80,0,0,0,0,0,0,0,0,0,0,0,60,0,0,254,
2025-2-15 17:17:13,40,80,0,0,0,0,0,0,0,0,0,0,0,60,0,0,254,
2025-2-15 17:18:13,40,82,0,0,0,0,0,0,0,0,0,0,0,60,0,0,254,
2025-2-15 17:19:13,40,81,0,0,0,0,0,0,0,0,0,0,0,60,0,0,254,
2025-2-15 17:20:13,40,81,0,0,0,0,0,0,0,0,0,0,0,60,0,0,254,
2025-2-15 17:21:13,40,82,0,0,0,0,0,0,0,0,0,0,0,60,0,0,254,
2025-2-15 17:22:13,40,80,0,0,0,0,0,0,0,0,0,0,0,60,0,0,254,
2025-2-15 17:23:13,40,82,0,0,0,0,0,0,0,0,0,0,0,60,0,0,254,
2025-2-15 17:24:13,40,82,0,0,0,0,0,0,0,0,0,0,0,60,0,0,254,
2025-2-15 17:25:13,40,80,0,0,0,0,0,0,0,0,0,0,0,60,0,0,254,
2025-2-15 17:26:13,40,81,0,0,0,0,0,0,0,0,0,0,0,60,0,0,254,
2025-2-15 17:27:13,40,81,0,0,0,0,0,0,0,0,0,0,0,60,0,0,254,
2025-2-15 17:28:13,40,81,0,0,0,0,0,0,0,0,0,0,0,60,0,0,254,
2025-2-15 17:29:13,40,82,0,0,0,0,0,0,0,0,0,0,0,60,0,0,254,
2025-2-15 17:30:13,40,81,0,0,0,0,0,0,0,0,0,0,0,60,0,0,254,
2025-2-15 17:31:13,40,80,0,0,0,0,0,0,0,0,0,0,0,60,0,0,254,
2025-2-15 17:32:13,40,82,0,0,0,0,0,0,0,0,0,0,0,60,0,0,254,
2025-2-15 17:33:13,40,81,0,0,0,0,0,0,0,0,0,0,0,60,0,0,254,
2025-2-15 17:34:13,40,81,0,0,0,0,0,0,0,0,0,0,0,60,0,0,254,
2025-2-15 17:35:13,40,82,0,0,0,0,0,0,0,0,0,0,0,60,0,0,254,
2025-2-15 17:36:13,40,80,0,0,0,0,0,0,0,0,0,0,0,60,0,0,254,
2025-2-15 17:37:13,40,81,0,0,0,0,0,0,0,0,0,0,0,60,0,0,254,
2025-2-15 17:38:13,40,82,0,0,0,0,0,0,0,0,0,0,0,60,0,0,254,
2025-2-15 17:39:13,40,81,0,0,0,0,0,0,0,0,0,0,0,60,0,0,254,
2025-2-15 17:40:13,40,81,0,0,0,0,0,0,0,0,0,0,0,60,0,0,254,
2025-2-15 17:41:13,40,81,0,0,0,0,0,0,0,0,0,0,0,60,0,0,254,
2025-2-15 17:42:13,40,80,0,0,0,0,0,0,0,0,0,0,0,60,0,0,254,
2025-2-15 17:43:13,40,81,0,0,0,0,0,0,0,0,0,0,0,60,0,0,254,
2025-2-15 17:44:13,40,80,0,0,0,0,0,0,0,0,0,0,0,60,0,0,254,
2025-2-15 17:45:13,40,80,0,0,0,0,0,0,0,0,0,0,0,60,0,0,254,
2025-2-15 17:46:13,40,82,0,0,0,0,0,0,0,0,0,0,0,60,0,0,254,
2025-2-15 17:47:13,40,81,0,0,0,0,0,0,0,0,0,0,0,60,0,0,254,
2025-2-15 17:48:13,40,82,0,0,0,0,0,0,0,0,0,0,0,60,0,0,254,
2025-2-15 17:49:13,40,82,0,0,0,0,0,0,0,0,0,0,0,60,0,0,254,
2025-2-15 17:50:13,40,80,0,0,0,0,0,0,0,0,0,0,0,60,0,0,254,
2025-2-15 17:51:13,40,82,0,0,0,0,0,0,0,0,0,0,0,60,0,0,254,
2025-2-15 17:52:13,40,82,0,0,0,0,0,0,0,0,0,0,0,60,0,0,254,
2025-2-15 17:53:13,40,80,0,0,0,0,0,0,0,0,0,0,0,60,0,0,254,
2025-2-15 17:54:13,40,81,0,0,0,0,0,0,0,0,0,0,0,60,0,0,254,
2025-2-15 17:55:13,40,81,0,0,0,0,0,0,0,0,0,0,0,60,0,0,254,
2025-2-15 17:56:13,40,81,0,0,0,0,0,0,0,0,0,0,0,60,0,0,254,
2025-2-15 17:57:13,40,82,0,0,0,0,0,0,0,0,0,0,0,60,0,0,254,
2025-2-15 17:58:13,40,81,0,0,0,0,0,0,0,0,0,0,0,60,0,0,254,
2025-2-15 17:59:13,40,81,0,0,0,0,0,0,0,0,0,0,0,60,0,0,254,
2025-2-15 18:0:13,40,81,0,0,0,0,0,0,0,0,0,0,0,60,0,0,254,
2025-2-15 18:1:13,40,81,0,0,0,0,0,0,0,0,0,0,0,60,0,0,254,
2025-2-15 18:2:13,40,81,0,0,0,0,0,0,0,0,0,0,0,60,0,0,254,
